pre_village,pre_district,Pre_cluster,GPS-Altitude,hhh_age,Time_to_collect_Water_for_Household_use_Minutes,Land_size_agriculture,Beans_total_yield,Irish_potatoes_total_yield,Cassava_total_yield,Sorghum_total_yield,Maize_total_yield,Millet_total_yield,Onions_total_yield,Sweet_potatoes_total_yield,Ground_Nuts_total_yield,Food_banana_total_yield,Coffee_total_yield
Kazahi,Kanungu,BUJENGWE,1515.0,31,30.0,0.975,75.0,,,,,,,,,,
Buranda,Kanungu,RUTENDERE,1240.0,52,60.0,0.75,75.0,,,,,,,,,,
Nyaruharo,Kanungu,KIHANDA,1382.0,42,40.0,0.3,,,,,,,,,,20.0,20.0
Rutendere,Kanungu,RUTENDERE,1317.0,62,60.0,0.75,,,,,,,,,,,
Kataburaza,Kanungu,RUTENDERE,1339.0,52,4.0,3.75,,,,,,,,,,,
Nyakagezi,Kanungu,IBARYA,1408.0,40,60.0,0.625,,,,,,,,,,,
Kazahi,Kanungu,BUJENGWE,1504.0,43,30.0,1.975,35.0,,,,,,,,,30.0,35.0
Buranda,Kanungu,RUTENDERE,1302.0,27,60.0,1.975,20.0,,,,,,,,,10.0,
Kazahi,Kanungu,BUJENGWE,1503.0,45,30.0,2.0,,,,,,,,,,,
Nyakagezi,Kanungu,IBARYA,1400.0,94,60.0,1.5,50.0,,,,,,,,,,
Katembe,Kanungu,KIHANDA,1431.0,44,30.0,0.975,,,,,,130.0,,,,,
Kangyeyo,Kanungu,RUTENDERE,1325.0,78,20.0,0.75,,,,,,,,,,50.0,50.0
Rurama,Kanungu,KIHANDA,1475.0,30,20.0,0.89,,,,,,,,,,,
Nyamishamba,Kanungu,BUJENGWE,1497.0,62,30.0,1.75,96.0,,,28.0,,,,,,,
Kabirizi,Kanungu,BUJENGWE,1419.0,25,120.0,0.975,35.0,,,,,,,,,,
Rwendahi,Kanungu,IBARYA,1285.0,78,8.0,0.0,,,,,,,,,,20.0,20.0
Kyandago,Kanungu,RUTENDERE,1314.0,36,2.0,0.0,,,,,,,,,,48.0,
Kishanda,Kanungu,BUJENGWE,1370.0,31,30.0,0.25,,,,,,,,,,20.0,20.0
Rutonde,Kanungu,IBARYA,1505.0,37,10.0,0.25,,,,,,,,,,,
Kishegyere,Kanungu,BUJENGWE,1431.0,30,30.0,0.15,,,,,,,,,,,
Kataburaza,Kanungu,RUTENDERE,1392.0,68,30.0,1.8,,,,,,,,,,,
Rutonde,Kanungu,IBARYA,1382.0,63,30.0,0.0,,,,,23.0,,,,,10.0,166.0
Ibarya,Kanungu,IBARYA,1320.0,62,30.0,0.15,40.0,,,,,,,,,48.0,60.0
Kyandago,Kanungu,RUTENDERE,1404.0,50,30.0,1.9,40.0,,,,,,,,,48.0,60.0
Kataburaza,Kanungu,RUTENDERE,1293.0,42,60.0,2.4775,40.0,,,,,,,,,48.0,60.0
Nyakagezi,Kanungu,IBARYA,1335.0,34,60.0,1.75,,,,,,,,,,,
Nyakatoma,Kanungu,KIHANDA,1442.0,42,10.0,0.5,40.0,,,,,,,,,48.0,60.0
Bugarura,Kanungu,BUJENGWE,1443.0,73,60.0,0.5,40.0,,,,,,,,,48.0,60.0
Kataburaza,Kanungu,RUTENDERE,1289.0,40,30.0,1.4875,108.0,,,,,,,24.0,,0.0,
Bugarura,Kanungu,BUJENGWE,1373.0,32,60.0,0.0,20.0,,,,,,,,,10.0,
Bugarura,Kanungu,BUJENGWE,1450.0,44,20.0,2.975,600.0,,,,1300.0,,,,,,
Nyakatoma,Kanungu,KIHANDA,1377.0,60,60.0,0.0,600.0,,,,1300.0,,,,,,
Nyaruharo,Kanungu,KIHANDA,1379.0,55,60.0,0.4,600.0,,,,1300.0,,,,,,
Rutonde,Kanungu,IBARYA,1469.0,50,3.0,0.25,600.0,,,,1300.0,,,,,,
Nyakagezi,Kanungu,IBARYA,1368.0,64,15.0,0.6,600.0,,,,1300.0,,,,,,
Kazahi,Kanungu,BUJENGWE,1573.0,46,40.0,0.5,600.0,,,,1300.0,,,,,,
Kanoni,Kanungu,BUJENGWE,1348.0,75,60.0,48.75,600.0,,,,1300.0,,,,,,
Kangyeyo,Kanungu,RUTENDERE,1363.0,33,60.0,0.25,600.0,,,,1300.0,,,,,,
Nyamizi,Kanungu,KIHANDA,1409.0,85,2.0,4.975,600.0,,,,1300.0,,,,,,
Mushorero,Kanungu,BUJENGWE,1716.0,40,120.0,0.975,600.0,,,,1300.0,,,,,,
Mushorero,Kanungu,BUJENGWE,1584.0,74,120.0,1.975,600.0,,,,1300.0,,,,,,
Kanoni,Kanungu,BUJENGWE,1348.0,38,180.0,0.475,600.0,,,,1300.0,,,,,,
Kishanda,Kanungu,BUJENGWE,1361.0,70,60.0,2.975,600.0,,,,1300.0,,,,,,
Kishegyere,Kanungu,BUJENGWE,1565.0,38,60.0,0.0,600.0,,,,1300.0,,,,,,
Kacerere,Kanungu,BUJENGWE,1480.0,65,60.0,3.75,600.0,,,,1300.0,,,,,,
Buranda,Kanungu,RUTENDERE,1255.0,50,30.0,1.975,600.0,,,,1300.0,,,,,,
Mayanja,Kanungu,BUJENGWE,1306.0,50,60.0,1.975,600.0,,,,1300.0,,,,,,
Nyakatoma,Kanungu,KIHANDA,1407.0,48,60.0,1.75,600.0,,,,1300.0,,,,,,
Kihumuro,Kanungu,IBARYA,1513.0,46,30.0,0.975,600.0,,,,1300.0,,,,,,
Mushorero,Kanungu,BUJENGWE,1746.0,39,60.0,0.975,600.0,,,,1300.0,,,,,,
Nyakatoma,Kanungu,KIHANDA,1404.0,35,30.0,0.75,600.0,,,,1300.0,,,,,,
Kacerere,Kanungu,BUJENGWE,1526.0,54,40.0,3.5,600.0,,,,1300.0,,,,,,
Kacerere,Kanungu,BUJENGWE,1528.0,97,60.0,3.0,600.0,,,,1300.0,,,,,,
Kangyeyo,Kanungu,RUTENDERE,1327.0,54,30.0,1.42,600.0,,,,1300.0,,,,,,
Nyamishamba,Kanungu,BUJENGWE,1512.0,44,60.0,0.03,600.0,,,,1300.0,,,,,,
Mushorero,Kanungu,BUJENGWE,1639.0,27,120.0,1.902,600.0,,,,1300.0,,,,,,
Kangyeyo,Kanungu,RUTENDERE,1339.0,73,30.0,0.85,600.0,,,,1300.0,,,,,,
Kanoni,Kanungu,BUJENGWE,1323.0,43,30.0,1.975,600.0,,,,1300.0,,,,,,
Nyakatoma,Kanungu,KIHANDA,1424.0,32,120.0,0.25,,,,,,,,,,,
Kabirizi,Kanungu,BUJENGWE,1445.0,72,60.0,0.072,,,,,,,,,,48.0,
Kabirizi,Kanungu,BUJENGWE,1372.0,60,60.0,1.975,,,,,,,,,,48.0,
Kacerere,Kanungu,BUJENGWE,1479.0,37,60.0,0.41,600.0,,,,1300.0,,,,,,
Kanoni,Kanungu,BUJENGWE,1337.0,44,180.0,1.975,600.0,,,,1300.0,,,,,,
Kanoni,Kanungu,BUJENGWE,1355.0,28,60.0,0.975,600.0,,,,1300.0,,,,,,
Nyaruharo,Kanungu,KIHANDA,1390.0,35,120.0,1.05,20.0,,,,,,,,,10.0,
Kataburaza,Kanungu,RUTENDERE,1399.0,33,30.0,0.85,,,,,,,,,,,
Kihumuro,Kanungu,IBARYA,1402.0,23,4.0,0.225,40.0,,,,,,,,,48.0,60.0
Kazahi,Kanungu,BUJENGWE,1508.0,60,5.0,1.475,,,11.0,,,,,,,,
Kazahi,Kanungu,BUJENGWE,1585.0,79,60.0,1.975,,,11.0,,,,,,,,
Rutendere,Kanungu,RUTENDERE,1294.0,49,60.0,1.0,,,11.0,,,,,,,,
Rutonde,Kanungu,IBARYA,1475.0,30,30.0,1.0,,,11.0,,,,,,,,
Buranda,Kanungu,RUTENDERE,1246.0,28,15.0,2.975,,,11.0,,,,,,,,
Rwenkyende,Kanungu,KIHANDA,1373.0,28,5.0,1.25,600.0,,,,1300.0,,,,,,
Rurama,Kanungu,KIHANDA,1627.0,33,120.0,0.0,600.0,,,,1300.0,,,,,,
Rutonde,Kanungu,IBARYA,1469.0,56,15.0,0.0,40.0,,,,,,,,,48.0,60.0
Bujerengye,Kanungu,IBARYA,1464.0,25,60.0,0.5,,,,,,,,,,48.0,
Mushorero,Kanungu,BUJENGWE,1662.0,26,60.0,0.975,600.0,,,,1300.0,,,,,,
Mayanja,Kanungu,BUJENGWE,1383.0,55,60.0,1.975,600.0,,,,1300.0,,,,,,
Nyamishamba,Kanungu,BUJENGWE,1538.0,23,20.0,0.25,600.0,,,,1300.0,,,,,,
Rwendahi,Kanungu,IBARYA,1267.0,19,10.0,0.75,,,,,,,,,,6.0,
Rutendere,Kanungu,RUTENDERE,1371.0,60,120.0,0.5,600.0,,,,1300.0,,,,,,
Kabirizi,Kanungu,BUJENGWE,1369.0,60,30.0,2.75,600.0,,,,1300.0,,,,,,
Rwabutera,Kanungu,RUTENDERE,1281.0,47,90.0,0.15,80.0,,,,,,,,,10.0,
Mayanja,Kanungu,BUJENGWE,1454.0,60,120.0,1.25,60.0,,,,,,,,,30.0,35.0
Katembe,Kanungu,KIHANDA,1453.0,32,10.0,0.375,600.0,,,,1300.0,,,,,,
Nyakagezi,Kanungu,IBARYA,1341.0,45,60.0,0.25,40.0,,,,,,,,,48.0,60.0
Ibarya,Kanungu,IBARYA,1292.0,86,60.0,0.4,,,11.0,,,,,,,,
Nyamishamba,Kanungu,BUJENGWE,1538.0,42,30.0,0.25,75.0,,,,,,,,,,
Kacerere,Kanungu,BUJENGWE,1448.0,29,30.0,0.38,20.0,,,,,,,,,10.0,
Nyakagezi,Kanungu,IBARYA,1408.0,46,30.0,0.15,600.0,,,,1300.0,,,,,,
Nyakarambi,Kanungu,KIHANDA,1364.0,61,30.0,0.875,,,11.0,,,,,,,,
Bugarura,Kanungu,BUJENGWE,1391.0,64,120.0,0.0,10.0,,,,,,,,,,
Rurama,Kanungu,KIHANDA,1498.0,36,120.0,0.1,,,,,,,,,,20.0,20.0
Rutonde,Kanungu,IBARYA,1497.0,67,10.0,0.25,,,,,,,,,,48.0,
Byumba,Kanungu,BUJENGWE,1508.0,33,15.0,0.1,,,10.0,,,60.0,,12.0,,,
Rwenkyende,Kanungu,KIHANDA,1438.0,38,4.0,0.8,,,,,,,,,,48.0,
Katembe,Kanungu,KIHANDA,1406.0,50,30.0,1.975,600.0,,,,1300.0,,,,,,
Rwenkyende,Kanungu,KIHANDA,1409.0,38,5.0,0.25,,,,,,,,,,48.0,
Nyamishamba,Kanungu,BUJENGWE,1542.0,20,60.0,0.15,,,,,23.0,,,,,10.0,166.0
Bugarura,Kanungu,BUJENGWE,1471.0,61,15.0,3.975,,,11.0,,,,,,,,
Kanoni,Kanungu,BUJENGWE,1407.0,37,60.0,1.975,,,,,,,,,,20.0,20.0
Buranda,Kanungu,RUTENDERE,1261.0,36,60.0,1.975,600.0,,,,1300.0,,,,,,
Rwabutera,Kanungu,RUTENDERE,1344.0,60,30.0,4.75,600.0,,,,1300.0,,,,,,
Nyaruharo,Kanungu,KIHANDA,1383.0,54,20.0,1.3,20.0,,,,,,,,,10.0,
Nyakatoma,Kanungu,KIHANDA,1437.0,32,60.0,0.38,,,,,,,,,,6.0,
Kataburaza,Kanungu,RUTENDERE,1366.0,78,3.0,0.0,,,,,,,,,,20.0,20.0
Rwabutera,Kanungu,RUTENDERE,1345.0,45,30.0,0.38,600.0,,,,1300.0,,,,,,
Buranda,Kanungu,RUTENDERE,1260.0,64,120.0,1.975,600.0,,,,1300.0,,,,,,
Kishanda,Kanungu,BUJENGWE,1408.0,53,60.0,0.5,600.0,,,,1300.0,,,,,,
Kanoni,Kanungu,BUJENGWE,1377.0,44,90.0,0.475,75.0,,,,,,,,,,
Kishanda,Kanungu,BUJENGWE,1298.0,64,90.0,0.75,,,,,,,,,,,
Bugarura,Kanungu,BUJENGWE,1475.0,22,90.0,0.0,,,,,,,,,,48.0,
Rurama,Kanungu,KIHANDA,1587.0,65,30.0,1.75,,,,,,,,,,,
Kangyeyo,Kanungu,RUTENDERE,1345.0,35,60.0,0.25,600.0,,,,1300.0,,,,,,
Rutonde,Kanungu,IBARYA,1445.0,33,40.0,0.0,600.0,,,,1300.0,,,,,,
Rwabutera,Kanungu,RUTENDERE,1269.0,56,60.0,0.75,600.0,,,,1300.0,,,,,,
Kishanda,Kanungu,BUJENGWE,1553.0,40,60.0,1.975,600.0,,,,1300.0,,,,,,
Kanoni,Kanungu,BUJENGWE,1332.0,58,60.0,1.975,600.0,,,,1300.0,,,,,,
Nyamishamba,Kanungu,BUJENGWE,1492.0,50,30.0,0.95,600.0,,,,1300.0,,,,,,
Mushorero,Kanungu,BUJENGWE,1710.0,35,120.0,0.975,230.0,,,,,,,,,60.0,
Katembe,Kanungu,KIHANDA,1434.0,86,20.0,1.975,50.0,,,,,,,,,80.0,100.0
Mayanja,Kanungu,BUJENGWE,1357.0,68,30.0,2.975,20.0,,,,,,,,,10.0,
Rwenkyende,Kanungu,KIHANDA,1420.0,63,60.0,3.5,600.0,,,,1300.0,,,,,,
Kyandago,Kanungu,RUTENDERE,1456.0,57,17.0,4.3,,,,,,,,,,,
Kishegyere,Kanungu,BUJENGWE,1545.0,51,60.0,0.9,600.0,,,,1300.0,,,,,,
Byumba,Kanungu,BUJENGWE,1496.0,60,40.0,0.65,600.0,,,,1300.0,,,,,,
Nyaruharo,Kanungu,KIHANDA,1341.0,50,60.0,3.1,600.0,,,,1300.0,,,,,,
Mayanja,Kanungu,BUJENGWE,1391.0,30,20.0,0.75,600.0,,,,1300.0,,,,,,
Byumba,Kanungu,BUJENGWE,1517.0,53,40.0,1.25,600.0,,,,1300.0,,,,,,
Nyakagezi,Kanungu,IBARYA,1318.0,70,30.0,0.5,,,,,,,,,,6.0,
Katembe,Kanungu,KIHANDA,1390.0,50,30.0,2.5,600.0,,,,1300.0,,,,,,
Kishanda,Kanungu,BUJENGWE,1293.0,36,20.0,1.5,60.0,,,,,,,,,,
Kazahi,Kanungu,BUJENGWE,1622.0,66,30.0,1.975,600.0,,,,1300.0,,,,,,
Rwabutera,Kanungu,RUTENDERE,1322.0,72,30.0,3.75,,,11.0,,,,,,,,
Nyakibuga,Kanungu,IBARYA,1415.0,74,60.0,0.9,,,,,,,,,,,
Bugarura,Kanungu,BUJENGWE,1490.0,33,60.0,1.0,,,,,,,,,,,
Kihumuro,Kanungu,IBARYA,1558.0,40,30.0,0.95,230.0,,,,,,,,,60.0,
Rurama,Kanungu,KIHANDA,1588.0,71,30.0,0.9,,,,,23.0,,,,,10.0,166.0
Byumba,Kanungu,BUJENGWE,1485.0,42,10.0,0.75,,,,,,,,,,,
Rwabutera,Kanungu,RUTENDERE,1314.0,25,30.0,0.25,,,11.0,,,,,,,,
Nyakarambi,Kanungu,KIHANDA,1349.0,67,60.0,1.775,,,,,,,,,,,
Bujerengye,Kanungu,IBARYA,1478.0,40,60.0,0.3,,,,,23.0,,,,,10.0,166.0
Nyaruharo,Kanungu,KIHANDA,1364.0,33,20.0,0.4,,,10.0,,,60.0,,12.0,,,
Buranda,Kanungu,RUTENDERE,1271.0,39,30.0,1.975,230.0,,,,,,,,,60.0,
Rutendere,Kanungu,RUTENDERE,1363.0,67,60.0,0.5,,,,,,,,,,,
Nyakatoma,Kanungu,KIHANDA,1393.0,59,60.0,2.75,,,,,,,,,,,
Rwendahi,Kanungu,IBARYA,0.0,44,15.0,1.4,600.0,,,,1300.0,,,,,,
Kanoni,Kanungu,BUJENGWE,1328.0,31,60.0,1.975,65.0,,,,,,,,,,5.0
Mushorero,Kanungu,BUJENGWE,1731.0,60,120.0,2.975,600.0,,,,1300.0,,,,,,
Nyakagezi,Kanungu,IBARYA,1328.0,46,30.0,0.5,,,,,,,,,,48.0,
Rwabutera,Kanungu,RUTENDERE,1274.0,50,30.0,1.25,230.0,,,,,,,,,60.0,
Kihumuro,Kanungu,IBARYA,1358.0,46,30.0,0.975,95.0,,,,,,,,,10.0,5.0
Nyamizi,Kanungu,KIHANDA,1380.0,28,30.0,0.975,95.0,,,,,,,,,10.0,5.0
Nyamizi,Kanungu,KIHANDA,1441.0,34,30.0,0.975,95.0,,,,,,,,,10.0,5.0
Nyaruharo,Kanungu,KIHANDA,1366.0,37,60.0,1.35,95.0,,,,,,,,,10.0,5.0
Nyakibuga,Kanungu,IBARYA,1931.0,57,20.0,1.875,,,,,,,,,,,
Kihumuro,Kanungu,IBARYA,1374.0,78,30.0,0.975,96.0,,,28.0,,,,,,,
Rurama,Kanungu,KIHANDA,1551.0,34,5.0,0.25,95.0,,,,,,,,,,
Byumba,Kanungu,BUJENGWE,1456.0,33,60.0,0.75,,,,,,,,,,,
Nyakatoma,Kanungu,KIHANDA,1413.0,30,15.0,0.12,600.0,,,,1300.0,,,,,,
Nyamizi,Kanungu,KIHANDA,1342.0,59,30.0,4.975,600.0,,,,1300.0,,,,,,
Bugarura,Kanungu,BUJENGWE,1462.0,55,25.0,0.475,600.0,,,,1300.0,,,,,,
Buranda,Kanungu,RUTENDERE,1299.0,27,30.0,1.975,600.0,,,,1300.0,,,,,,
Mushorero,Kanungu,BUJENGWE,1647.0,33,50.0,0.975,95.0,,,,,,,,,10.0,5.0
Kabirizi,Kanungu,BUJENGWE,1641.0,88,60.0,3.975,,,2.0,,,,,3.0,,,400.0
Kazahi,Kanungu,BUJENGWE,1474.0,46,60.0,1.975,,,2.0,,,,,3.0,,,400.0
Katembe,Kanungu,KIHANDA,1593.0,50,10.0,0.975,50.0,,,,,,,,,80.0,100.0
Rwenkyende,Kanungu,KIHANDA,1371.0,48,3.0,0.75,,,,,,,,,,,
Kishegyere,Kanungu,BUJENGWE,1451.0,63,30.0,2.75,,,,,,,,,,,
Omurwambu,Kanungu,KIHANDA,1401.0,28,20.0,0.25,,,,,,,,,,,
Mayanja,Kanungu,BUJENGWE,1357.0,47,1.0,9.975,,,,,,,,,,48.0,
Rurama,Kanungu,KIHANDA,1489.0,64,30.0,1.5,95.0,,,,,,,,,10.0,5.0
Nyakagezi,Kanungu,IBARYA,1363.0,33,60.0,0.125,95.0,,,,,,,,,10.0,5.0
Nyamizi,Kanungu,KIHANDA,1364.0,30,30.0,0.975,,,,,,,,,,40.0,
Byumba,Kanungu,BUJENGWE,1454.0,58,60.0,1.65,600.0,,,,1300.0,,,,,,
Nyamizi,Kanungu,KIHANDA,1312.0,26,20.0,0.475,,,,,,,,,,50.0,
Mushorero,Kanungu,BUJENGWE,1654.0,52,60.0,1.975,95.0,,,,,,,,,10.0,5.0
Kangyeyo,Kanungu,RUTENDERE,1321.0,45,20.0,1.35,230.0,,,,,,,,,60.0,
Rwendahi,Kanungu,IBARYA,1299.0,38,10.0,1.25,,,,,23.0,,,,,10.0,166.0
Rwendahi,Kanungu,IBARYA,1304.0,40,30.0,0.7,,,11.0,,,,,,,,
Kacerere,Kanungu,BUJENGWE,1469.0,25,10.0,2.0,108.0,,,,,,,24.0,,0.0,
Kabirizi,Kanungu,BUJENGWE,1393.0,42,120.0,2.25,600.0,,,,1300.0,,,,,,
Ibarya,Kanungu,IBARYA,1311.0,43,40.0,1.4,40.0,,,,,,,,,48.0,60.0
Rwendahi,Kanungu,IBARYA,1318.0,40,10.0,1.0,,,,,23.0,,,,,10.0,166.0
Nyakarambi,Kanungu,KIHANDA,1321.0,26,30.0,0.25,,,,,,,,,,,
Rutendere,Kanungu,RUTENDERE,1307.0,40,60.0,0.13,600.0,,,,1300.0,,,,,,
Rwabutera,Kanungu,RUTENDERE,1317.0,52,30.0,1.0,95.0,,,,,,,,,10.0,5.0
Nyaruharo,Kanungu,KIHANDA,1378.0,29,60.0,3.9,65.0,,,,,,,,,,5.0
Kishanda,Kanungu,BUJENGWE,1369.0,28,120.0,1.975,600.0,,,,1300.0,,,,,,
Kyandago,Kanungu,RUTENDERE,1384.0,84,40.0,1.9,600.0,,,,1300.0,,,,,,
Nyamishamba,Kanungu,BUJENGWE,1528.0,70,60.0,0.4,600.0,,,,1300.0,,,,,,
Kishanda,Kanungu,BUJENGWE,1429.0,72,20.0,1.25,600.0,,,,1300.0,,,,,,
Kacerere,Kanungu,BUJENGWE,1534.0,60,60.0,0.0,600.0,,,,1300.0,,,,,,
Kyandago,Kanungu,RUTENDERE,1385.0,55,10.0,0.1,600.0,,,,1300.0,,,,,,
Kabirizi,Kanungu,BUJENGWE,1470.0,59,30.0,0.25,600.0,,,,1300.0,,,,,,
Mayanja,Kanungu,BUJENGWE,1429.0,24,30.0,0.25,600.0,,,,1300.0,,,,,,
Rutendere,Kanungu,RUTENDERE,1320.0,58,30.0,0.0,,,11.0,,,,,,,,
Bugarura,Kanungu,BUJENGWE,1546.0,61,20.0,2.475,600.0,,,,1300.0,,,,,,
Nyakarambi,Kanungu,KIHANDA,1328.0,74,30.0,1.0,600.0,,,,1300.0,,,,,,
Rurama,Kanungu,KIHANDA,1529.0,52,60.0,0.92,600.0,,,,1300.0,,,,,,
Kataburaza,Kanungu,RUTENDERE,1357.0,40,5.0,0.25,600.0,,,,1300.0,,,,,,
Kangyeyo,Kanungu,RUTENDERE,1321.0,62,60.0,1.75,600.0,,,,1300.0,,,,,,
Rwabutera,Kanungu,RUTENDERE,1303.0,37,30.0,1.38,,,,,,,,,,,
Rwendahi,Kanungu,IBARYA,1282.0,85,30.0,0.8,,,,,,,,,,,
Omurwambu,Kanungu,KIHANDA,1341.0,37,15.0,0.65,,,,,,,,,,,
Kihumuro,Kanungu,IBARYA,1396.0,48,8.0,0.375,600.0,,,,1300.0,,,,,,
Nyakagezi,Kanungu,IBARYA,1411.0,84,20.0,0.0,,,,,,,,,,48.0,
Kacerere,Kanungu,BUJENGWE,1523.0,20,60.0,0.28,,,,,,,,,,48.0,
Nyaruharo,Kanungu,KIHANDA,1391.0,42,60.0,3.35,,,,,,,,,,20.0,20.0
Kyandago,Kanungu,RUTENDERE,1386.0,45,5.0,0.15,40.0,,,,,,,,,48.0,60.0
Kangyeyo,Kanungu,RUTENDERE,1361.0,65,40.0,26.8,,,,,,,,,,20.0,20.0
Kanoni,Kanungu,BUJENGWE,1327.0,73,60.0,1.975,600.0,,,,1300.0,,,,,,
Rwenkyende,Kanungu,KIHANDA,1418.0,75,28.0,0.8,65.0,,,,,,,,,,5.0
Kishanda,Kanungu,BUJENGWE,1408.0,21,15.0,1.975,,,,,,,,,,120.0,180.0
Mushorero,Kanungu,BUJENGWE,1613.0,36,120.0,0.975,,,,,,,,,,120.0,180.0
Ibarya,Kanungu,IBARYA,1333.0,43,70.0,1.3,,,,,,,,,,120.0,180.0
Katembe,Kanungu,KIHANDA,1410.0,65,30.0,2.75,,,,,,,,,,120.0,180.0
Nyakagezi,Kanungu,IBARYA,1373.0,68,30.0,0.25,,,,,,,,,,120.0,180.0
Rutonde,Kanungu,IBARYA,1460.0,37,30.0,0.0,,,,,,,,,,120.0,180.0
Buranda,Kanungu,RUTENDERE,1294.0,29,15.0,0.0,,,,,,,,,,120.0,180.0
Kangyeyo,Kanungu,RUTENDERE,1313.0,64,60.0,1.25,,,,,,,,,,120.0,180.0
Rutendere,Kanungu,RUTENDERE,1276.0,58,60.0,0.25,,,,,,,,,,120.0,180.0
Kishanda,Kanungu,BUJENGWE,1328.0,54,10.0,1.75,108.0,,,,,,,24.0,,0.0,
Ibarya,Kanungu,IBARYA,1328.0,40,60.0,1.0,95.0,,,,,,,,,10.0,5.0
Byumba,Kanungu,BUJENGWE,1499.0,45,30.0,0.25,,,,,,,,3.0,,160.0,15.0
Kabirizi,Kanungu,BUJENGWE,1532.0,41,120.0,1.975,,,,,,,,3.0,,160.0,15.0
Kazahi,Kanungu,BUJENGWE,1602.0,54,30.0,0.975,,,,,,,,3.0,,160.0,15.0
Kishanda,Kanungu,BUJENGWE,1324.0,40,60.0,0.975,,,,,,,,3.0,,160.0,15.0
Kishanda,Kanungu,BUJENGWE,1296.0,38,20.0,1.975,,,,,,,,3.0,,160.0,15.0
Kishegyere,Kanungu,BUJENGWE,1440.0,60,60.0,0.9,,,,,,,,3.0,,160.0,15.0
Mushorero,Kanungu,BUJENGWE,1575.0,35,60.0,1.975,,,,,,,,3.0,,160.0,15.0
Nyamishamba,Kanungu,BUJENGWE,1550.0,33,20.0,0.75,,,,,,,,3.0,,160.0,15.0
Katembe,Kanungu,KIHANDA,0.0,69,10.0,0.975,,,,,,,,3.0,,160.0,15.0
Katembe,Kanungu,KIHANDA,1442.0,80,1.0,0.25,,,,,,,,3.0,,160.0,15.0
Katembe,Kanungu,KIHANDA,1432.0,50,30.0,0.01,,,,,,,,3.0,,160.0,15.0
Omurwambu,Kanungu,KIHANDA,1393.0,48,10.0,0.2,,,,,,,,3.0,,160.0,15.0
Rurama,Kanungu,KIHANDA,1513.0,50,60.0,0.45,,,,,,,,3.0,,160.0,15.0
Buranda,Kanungu,RUTENDERE,1346.0,65,60.0,0.475,,,,,,,,3.0,,160.0,15.0
Kyandago,Kanungu,RUTENDERE,1393.0,70,35.0,0.85,,,,,,,,3.0,,160.0,15.0
Kyandago,Kanungu,RUTENDERE,1362.0,30,2.0,2.8,20.0,,,,,,,,,10.0,
Nyamizi,Kanungu,KIHANDA,1388.0,73,5.0,2.25,45.0,,,,,,,,40.0,,
Kacerere,Kanungu,BUJENGWE,1520.0,90,90.0,0.0,,,,,,,,3.0,,160.0,15.0
Kataburaza,Kanungu,RUTENDERE,1341.0,58,5.0,4.25,,,,,,,,10.0,,10.0,
Rwabutera,Kanungu,RUTENDERE,1279.0,26,50.0,0.25,,,8.0,,,,,,11.0,,
Rutonde,Kanungu,IBARYA,1466.0,45,60.0,1.75,,,,,,,,,,,
Kanoni,Kanungu,BUJENGWE,1412.0,65,60.0,1.475,125.0,,,,,,,,,,
Omurwambu,Kanungu,KIHANDA,1373.0,96,20.0,1.0,95.0,,,,,,,,,10.0,5.0
Rwabutera,Kanungu,RUTENDERE,1248.0,60,60.0,3.75,600.0,,,,1300.0,,,,,,
Nyakarambi,Kanungu,KIHANDA,1303.0,50,10.0,0.625,20.0,,,,,,,,,10.0,
Kazahi,Kanungu,BUJENGWE,1635.0,24,60.0,1.975,,,,,,,,,,120.0,180.0
Mayanja,Kanungu,BUJENGWE,1452.0,71,60.0,0.975,,,11.0,,,,,,,,
Kazahi,Kanungu,BUJENGWE,1572.0,30,60.0,1.975,,,,,,,,3.0,,160.0,15.0
Kihumuro,Kanungu,IBARYA,1392.0,35,3.0,0.475,22.0,,,,,,,,,120.0,
Kishegyere,Kanungu,BUJENGWE,1436.0,60,10.0,9.5,600.0,,,,1300.0,,,,,,
Kyandago,Kanungu,RUTENDERE,1400.0,41,40.0,0.0,,,,,,,,,,,
Bugarura,Kanungu,BUJENGWE,1528.0,38,3.0,0.975,,,,,,,,3.0,,160.0,15.0
Kihumuro,Kanungu,IBARYA,1392.0,45,30.0,0.975,50.0,,,,,75.0,,,,30.0,100.0
Rwenkyende,Kanungu,KIHANDA,1366.0,55,30.0,0.8,600.0,,,,1300.0,,,,,,
Rurama,Kanungu,KIHANDA,1447.0,35,60.0,0.988,45.0,,,,,,,,,,
Rutendere,Kanungu,RUTENDERE,1287.0,66,30.0,0.0,,,11.0,,,,,,,,
Kihumuro,Kanungu,IBARYA,1396.0,30,5.0,0.125,,,,,,,,,,120.0,180.0
Rutendere,Kanungu,RUTENDERE,1293.0,37,30.0,0.0,,,,,,,,,,120.0,180.0
Kabirizi,Kanungu,BUJENGWE,1422.0,64,60.0,1.975,,,,,,,,,,120.0,180.0
Nyakagezi,Kanungu,IBARYA,1367.0,72,30.0,6.0,60.0,,,,,,,2.5,,,
Kacerere,Kanungu,BUJENGWE,1507.0,44,60.0,0.0,108.0,,,,,,,24.0,,0.0,
Rutendere,Kanungu,RUTENDERE,1329.0,74,10.0,3.0,40.0,,,,150.0,,,,,,60.0
Bujerengye,Kanungu,IBARYA,1458.0,42,2.0,0.5,,,,,,,,,,,
Mayanja,Kanungu,BUJENGWE,1359.0,46,30.0,1.5,,,,,,,,,,6.0,
Rutendere,Kanungu,RUTENDERE,1347.0,25,60.0,0.75,600.0,,,,1300.0,,,,,,
Kishegyere,Kanungu,BUJENGWE,1465.0,35,60.0,0.5,,,11.0,,,,,,,,
Rutonde,Kanungu,IBARYA,1420.0,47,120.0,0.0,,,11.0,,,,,,,,
Buranda,Kanungu,RUTENDERE,1271.0,38,60.0,1.975,,,,,,,,,,,
Ibarya,Kanungu,IBARYA,1333.0,63,60.0,2.8,600.0,,,,1300.0,,,,,,
Nyamizi,Kanungu,KIHANDA,1462.0,32,30.0,1.975,600.0,,,,1300.0,,,,,,
Nyakibuga,Kanungu,IBARYA,1372.0,30,30.0,0.1875,,,,,,,,,,,
Ibarya,Kanungu,IBARYA,1322.0,48,30.0,0.4,600.0,,,,1300.0,,,,,,
Kishegyere,Kanungu,BUJENGWE,1479.0,31,30.0,0.75,,,,,,,,,,20.0,20.0
Nyakatoma,Kanungu,KIHANDA,1452.0,38,60.0,1.25,50.0,,,,,,,,,80.0,100.0
Rwendahi,Kanungu,IBARYA,1342.0,27,30.0,0.8,50.0,,,,,,,,,80.0,100.0
Mayanja,Kanungu,BUJENGWE,1433.0,49,60.0,0.975,65.0,,,,,,,,,,5.0
Kishegyere,Kanungu,BUJENGWE,1561.0,39,120.0,2.75,,,,,95.0,,,,,20.0,
Kataburaza,Kanungu,RUTENDERE,1315.0,60,6.0,0.4375,108.0,,,,,,,24.0,,0.0,
Bujerengye,Kanungu,IBARYA,1479.0,45,5.0,3.875,,,,,,,,,,,
Kangyeyo,Kanungu,RUTENDERE,1337.0,25,30.0,0.19,35.0,,,,,,,,,,
Nyamizi,Kanungu,KIHANDA,1482.0,47,30.0,1.975,95.0,,,,,,,,,10.0,5.0
Nyaruharo,Kanungu,KIHANDA,1406.0,50,120.0,0.3,600.0,,,,1300.0,,,,,,
Rwendahi,Kanungu,IBARYA,1293.0,58,5.0,0.0,,,,,,,,3.0,,160.0,15.0
Bugarura,Kanungu,BUJENGWE,1536.0,60,60.0,3.0,,,,,,,,,,15.0,100.0
Kangyeyo,Kanungu,RUTENDERE,1343.0,25,60.0,0.25,60.0,,,,,,,,,,
Kabirizi,Kanungu,BUJENGWE,1401.0,47,60.0,1.25,170.0,,,,,,,,,60.0,
Ibarya,Kanungu,IBARYA,1348.0,38,60.0,0.0,,,,,,,,10.0,,10.0,1.0
Rwendahi,Kanungu,IBARYA,1302.0,59,10.0,0.4875,,,,,,,,,,120.0,180.0
Omurwambu,Kanungu,KIHANDA,1351.0,96,15.0,1.8,600.0,,,,1300.0,,,,,,
Nyakatoma,Kanungu,KIHANDA,1401.0,27,60.0,0.38,,,,120.0,,,,,,144.0,
Kishegyere,Kanungu,BUJENGWE,1524.0,45,40.0,0.55,,,,,,,,,,,
Kishegyere,Kanungu,BUJENGWE,1444.0,45,20.0,2.75,230.0,,,,,,,,,60.0,
Omurwambu,Kanungu,KIHANDA,1393.0,62,5.0,0.65,,,11.0,,,,,,,,
Nyakarambi,Kanungu,KIHANDA,1379.0,46,15.0,0.875,600.0,,,,1300.0,,,,,,
Rwendahi,Kanungu,IBARYA,1310.0,30,50.0,0.7,20.0,,,,,,,,,10.0,
Kishanda,Kanungu,BUJENGWE,1390.0,51,30.0,4.88,50.0,,,,,,,,,80.0,100.0
Kihumuro,Kanungu,IBARYA,1406.0,45,60.0,1.975,,,11.0,,,,,,,,
Nyamizi,Kanungu,KIHANDA,1367.0,46,5.0,2.25,65.0,,,,,,,,,,5.0
Ibarya,Kanungu,IBARYA,1335.0,37,90.0,0.0,95.0,,,,,,,,,10.0,5.0
Rurama,Kanungu,KIHANDA,1490.0,18,10.0,0.25,,,,,,,,,,,
Mayanja,Kanungu,BUJENGWE,1427.0,49,20.0,0.5,75.0,,,,,,,,,,
Rwenkyende,Kanungu,KIHANDA,1438.0,58,60.0,1.0,,,,,,,,,,6.0,
Ibarya,Kanungu,IBARYA,1333.0,45,60.0,0.85,,,,,,,,,,,
Kanoni,Kanungu,BUJENGWE,1359.0,43,30.0,1.975,,,11.0,,,,,,,,
Kyandago,Kanungu,RUTENDERE,1396.0,38,120.0,0.0,,,,,,,,,,,
Kishanda,Kanungu,BUJENGWE,1238.0,68,30.0,2.975,600.0,,,,1300.0,,,,,,
Omurwambu,Kanungu,KIHANDA,1323.0,39,20.0,0.1875,600.0,,,,1300.0,,,,,,
Rutonde,Kanungu,IBARYA,1467.0,50,60.0,1.5,,,,,,,,,,,
Buranda,Kanungu,RUTENDERE,1239.0,46,40.0,2.75,,,10.0,,,60.0,,12.0,,,
Mayanja,Kanungu,BUJENGWE,1428.0,55,20.0,0.25,40.0,,,,,,,,,48.0,60.0
Kihumuro,Kanungu,IBARYA,1364.0,37,20.0,3.975,,,,,,,,,,,
Nyakarambi,Kanungu,KIHANDA,1325.0,57,60.0,1.25,,,11.0,,,,,,,,
Nyamishamba,Kanungu,BUJENGWE,1558.0,25,40.0,3.5,,,,,,,,,,20.0,20.0
Katembe,Kanungu,KIHANDA,1451.0,30,20.0,0.975,108.0,,,,,,,24.0,,0.0,
Rurama,Kanungu,KIHANDA,1514.0,30,30.0,0.25,,,10.0,,,60.0,,12.0,,,
Kangyeyo,Kanungu,RUTENDERE,1404.0,40,60.0,0.38,50.0,,,,,,,,,80.0,100.0
Ibarya,Kanungu,IBARYA,1326.0,28,30.0,0.4,600.0,,,,1300.0,,,,,,
Kyandago,Kanungu,RUTENDERE,1379.0,31,45.0,0.05,10.0,,,,,,,,,,
Buranda,Kanungu,RUTENDERE,1304.0,78,30.0,1.975,600.0,,,,1300.0,,,,,,
Kacerere,Kanungu,BUJENGWE,1515.0,46,60.0,0.78,,,,,,,,,,48.0,
Nyamizi,Kanungu,KIHANDA,1326.0,24,30.0,1.975,,,11.0,,,,,,,,
Nyakibuga,Kanungu,IBARYA,1329.0,51,20.0,0.9,600.0,,,,1300.0,,,,,,
Katembe,Kanungu,KIHANDA,1449.0,75,30.0,0.0,20.0,,,,,,,,,10.0,
Bujerengye,Kanungu,IBARYA,1454.0,63,10.0,2.75,65.0,,,,,,,,,,5.0
Kabirizi,Kanungu,BUJENGWE,1628.0,46,180.0,0.75,,,,,,,,,,6.0,
Rutendere,Kanungu,RUTENDERE,1287.0,61,30.0,0.0,,,,,,,,,,,
Byumba,Kanungu,BUJENGWE,1407.0,60,40.0,2.8,,,,,,,,,,,
Rwendahi,Kanungu,IBARYA,1318.0,57,30.0,2.5,600.0,,,,1300.0,,,,,,
Ibarya,Kanungu,IBARYA,1326.0,45,40.0,2.0,600.0,,,,1300.0,,,,,,
Kacerere,Kanungu,BUJENGWE,1495.0,34,90.0,0.0,600.0,,,,1300.0,,,,,,
Nyakibuga,Kanungu,IBARYA,1285.0,45,10.0,1.65,,,11.0,,,,,,,,
Rwenkyende,Kanungu,KIHANDA,1394.0,42,3.0,2.75,,,,,,,,,,48.0,
Omurwambu,Kanungu,KIHANDA,1379.0,32,30.0,0.875,,,10.0,,,60.0,,12.0,,,
Byumba,Kanungu,BUJENGWE,1439.0,35,15.0,1.25,40.0,,,,,,,,,48.0,60.0
Omurwambu,Kanungu,KIHANDA,1386.0,30,15.0,0.9,,,,,,,,,,50.0,
Kishegyere,Kanungu,BUJENGWE,1443.0,42,60.0,0.9,230.0,,,,,,,,,60.0,
Rwenkyende,Kanungu,KIHANDA,1358.0,31,10.0,0.9875,600.0,,,,1300.0,,,,,,
Kataburaza,Kanungu,RUTENDERE,1341.0,38,5.0,3.8,95.0,,,,,,,,,10.0,5.0
Nyakibuga,Kanungu,IBARYA,1433.0,40,20.0,2.375,,,,,,,,,,20.0,20.0
Nyaruharo,Kanungu,KIHANDA,1355.0,37,60.0,0.85,600.0,,,,1300.0,,,,,,
Nyakatoma,Kanungu,KIHANDA,1388.0,47,30.0,2.0,,,,,,,,,,,
Rutendere,Kanungu,RUTENDERE,1306.0,34,120.0,0.5,,,,,,,,,,,
Nyakatoma,Kanungu,KIHANDA,1390.0,22,90.0,0.0,,,,,,,,,,48.0,
Kabirizi,Kanungu,BUJENGWE,1608.0,55,60.0,1.975,65.0,,,,,,,,,,5.0
Nyakibuga,Kanungu,IBARYA,1433.0,40,30.0,1.9,,,,,,,,,,48.0,
Bugarura,Kanungu,BUJENGWE,1492.0,23,20.0,0.225,95.0,,,,,,,,,10.0,5.0
Rwenkyende,Kanungu,KIHANDA,1406.0,43,60.0,0.25,,,,,,130.0,,,,,
Nyaruharo,Kanungu,KIHANDA,1374.0,45,120.0,0.7,,,,,,,,3.0,,160.0,15.0
Byumba,Kanungu,BUJENGWE,1524.0,51,40.0,2.38,600.0,,,,1300.0,,,,,,
Bujerengye,Kanungu,IBARYA,1482.0,70,10.0,0.75,,,,,,,,,,80.0,40.0
Bujerengye,Kanungu,IBARYA,1412.0,60,4.0,0.0,95.0,,,,,,,,,10.0,5.0
Nyakarambi,Kanungu,KIHANDA,1354.0,61,60.0,3.75,40.0,,,,,,,,,48.0,60.0
Kataburaza,Kanungu,RUTENDERE,1349.0,37,5.0,2.3,,,11.0,,,,,,,,
Nyakibuga,Kanungu,IBARYA,1313.0,95,30.0,1.15,75.0,,,,,,,,,,
Bujerengye,Kanungu,IBARYA,1461.0,52,120.0,1.0,,,,,,,,,,20.0,20.0
Rutonde,Kanungu,IBARYA,1494.0,43,10.0,8.25,20.0,,,,,,,,,10.0,
Omurwambu,Kanungu,KIHANDA,1440.0,48,10.0,1.3,,,,,,,,,,50.0,
Nyarurambi,Rukungiri,Kitugunda,1766.6,34,45.0,0.0,,,,,,,,,,,
Rugasha,Rukungiri,Kahoko,0.0,68,30.0,1.5,,,,,,,,,,50.0,100.0
Rwangeru,Rukungiri,Kacence,1641.7,69,60.0,0.25,,,,,,,,,,10.0,
Rugasha,Rukungiri,Kahoko,0.0,50,60.0,0.5,,,,,,,,,,10.0,
Nyabubare,Rukungiri,Kahoko,0.0,89,30.0,0.65,,,,,,,,,,,
Rwere,Rukungiri,Ngoma,1661.4,72,35.0,1.75,,,,,,,,,,45.0,
Kahara,Rukungiri,Kacence,1871.4,99,15.0,2.9,,,,,,,,,,30.0,
Kahara,Rukungiri,Kacence,1932.5,31,38.0,1.9,,,,,,,,,,,50.0
Katungu,Rukungiri,Kahoko,1810.9,48,30.0,1.8,,,,,,,,,,36.0,
Rwonyo,Rukungiri,Kacence,1675.7,45,30.0,1.75,,,,,,,,,,50.0,
Nyamirama,Rukungiri,Kitugunda,1790.1,80,10.0,0.25,70.0,,,,,,,,,,
Kibeho,Rukungiri,Kahoko,1829.8,38,30.0,0.25,,,,,,,,,,0.0,
Nyabyogo,Rukungiri,Murama,1625.5,29,60.0,0.24,30.0,,,,,,,,,,
Kitebwe,Rukungiri,Kitugunda,0.0,50,60.0,0.15,,,,,,,,,,,
Rwere,Rukungiri,Ngoma,1638.7,43,60.0,0.0,,,,,,,,,,5.0,
Ruhita,Rukungiri,Ngoma,1645.1,31,60.0,1.9,,,,,,,,,,,
Rugoma,Rukungiri,Kacence,1857.7,35,60.0,0.05,,,,,,,,,,,
Rurindo,Rukungiri,Ngoma,1614.6,70,30.0,0.797,60.0,,,,,,,2.0,,,
Kanyabutaye,Rukungiri,Ngoma,0.0,30,15.0,0.5,,,,,,,,,,,
Kababagi,Rukungiri,Kacence,0.0,32,60.0,0.5,,,,,,,,,,,
Rurindo,Rukungiri,Ngoma,0.0,24,45.0,0.0,39.0,,,,,,,,,,
Nyabyogo,Rukungiri,Murama,1657.6,45,30.0,0.5,,,,,,,,,,,
Rwonyo,Rukungiri,Kacence,1678.6,61,30.0,0.25,,,,,,,,,,10.0,
Mugina,Rukungiri,Murama,1846.2,52,35.0,1.75,,,,,,,,,,70.0,
Karukonjo,Rukungiri,Kahoko,1753.3,37,60.0,0.05,,,,,,,,,,3.0,
Nyarurambi,Rukungiri,Kitugunda,1773.2,54,30.0,0.25,,,,,,,,,,0.0,
Kitebwe,Rukungiri,Kitugunda,0.0,72,35.0,0.75,,,,,,,,,,20.0,
Kibeho,Rukungiri,Kahoko,1798.5,38,30.0,0.25,,,,,,,,,,,
Ruhita,Rukungiri,Ngoma,1644.7,25,180.0,0.4,55.0,,,,,,,,,,
Rugasha,Rukungiri,Kahoko,0.0,83,60.0,0.5,,,,,,,,,,96.0,
Mugina,Rukungiri,Murama,1690.0,60,30.0,0.25,,,,,,,,,,5.0,
Kinisya,Rukungiri,Kacence,1771.2,64,15.0,0.25,,,,,,,,,,,
Nyamirama,Rukungiri,Kitugunda,1843.6,21,10.0,0.0,,,,,,,,,,,
Rwonyo,Rukungiri,Kacence,1671.8,28,10.0,1.75,,,,,,,,,,30.0,
Nyarubare,Rukungiri,Murama,0.0,45,60.0,0.25,,,,,,,,,,25.0,5.0
Kanyabutaye,Rukungiri,Ngoma,0.0,37,30.0,0.0,190.0,,,,,,,,,,
Rwangeru,Rukungiri,Kacence,0.0,23,35.0,1.75,55.0,,,,,,,,,45.0,
Kigoyi,Rukungiri,Kitugunda,1694.3,99,20.0,0.25,,,,,,,,,,,
Nyarurambi,Rukungiri,Kitugunda,1786.4,28,25.0,0.75,65.0,,,,,,,,,50.0,
Kitebwe,Rukungiri,Kitugunda,0.0,38,30.0,0.05,116.0,,,,,,,,,,
Rwonyo,Rukungiri,Kacence,1673.6,50,12.0,1.75,85.0,,,,,,,,,30.0,
Buhumuriro,Rukungiri,Kitugunda,0.0,83,30.0,0.8,170.0,,,,,,,,,,
Karukonjo,Rukungiri,Kahoko,0.0,70,30.0,2.5,,,,,,,,,,70.0,
Kamuhozi,Rukungiri,Kahoko,1922.8,81,45.0,0.65,,,,,,,,,,70.0,
Kahama,Rukungiri,Murama,1804.5,52,12.0,1.25,85.0,,,,,,,,,55.0,
Rugoma,Rukungiri,Kacence,1845.7,26,5.0,1.75,140.0,,,,,,,,,,
Rurindo,Rukungiri,Ngoma,0.0,45,60.0,0.75,,,,,,,,,,,
Kigoyi,Rukungiri,Kitugunda,1693.4,45,20.0,0.25,,,,,,,,,,50.0,150.0
Kahama,Rukungiri,Murama,1900.0,30,30.0,0.75,,,,,,,,,,15.0,
Numba,Rukungiri,Kacence,1774.5,51,30.0,0.25,,,,,,,,,,60.0,
Rutooma,Rukungiri,Kahoko,0.0,32,120.0,0.5,45.0,,,,,,,,,,
Mugina,Rukungiri,Murama,1721.4,36,15.0,0.25,,,,,,,,,,15.0,
Rwere,Rukungiri,Ngoma,1642.1,25,40.0,2.75,95.0,,,,,,,,,50.0,
Rwere,Rukungiri,Ngoma,1669.6,63,60.0,0.25,,,,,,,,,,15.0,
Rwonyo,Rukungiri,Kacence,1682.6,22,30.0,0.25,,,,,,,,,,5.0,
Nangara,Rukungiri,Murama,1901.5,89,38.0,0.225,,,,,,,,,,30.0,
Rurindo,Rukungiri,Ngoma,0.0,56,60.0,1.25,,,,,,,,,,,
Nyarubare,Rukungiri,Murama,0.0,35,30.0,0.575,75.0,,,,,,,,,,
Kinisya,Rukungiri,Kacence,1804.1,27,20.0,0.0,,,,,,,,,,20.0,
Nyarubare,Rukungiri,Murama,0.0,39,20.0,0.325,,,,,,,,,,30.0,
Karukonjo,Rukungiri,Kahoko,1908.1,58,120.0,1.1,,,,,,,,,,,
Rugasha,Rukungiri,Kahoko,0.0,36,60.0,0.0,,,,,,,,,,,
Burera,Rukungiri,Ngoma,0.0,60,60.0,0.875,,,,,,,,,,,
Kiniogo,Rukungiri,Kacence,0.0,26,5.0,0.1,12.0,,,,,,,,,,
Rwere,Rukungiri,Ngoma,1659.4,29,20.0,0.75,80.0,,,,,,,,,50.0,
Kitebwe,Rukungiri,Kitugunda,0.0,73,30.0,0.4,,,,,,,,,,50.0,50.0
Ndaragi,Rukungiri,Murama,1713.1,56,20.0,0.25,88.0,,,,,,,0.5,,20.0,
Ndaragi,Rukungiri,Murama,1714.1,50,20.0,0.25,,,,,,,,,,25.0,80.0
Nyamirama,Rukungiri,Kitugunda,1341.8,33,30.0,0.5,130.0,,,,80.0,,,,,,
Numba,Rukungiri,Kacence,0.0,33,20.0,0.25,14.0,,,,,,,0.5,,90.0,
Karukonjo,Rukungiri,Kahoko,1803.0,48,60.0,1.25,75.0,,,,,,,,,,
Nyabisoni,Rukungiri,Ngoma,0.0,63,60.0,0.75,,,,,,,,,,50.0,150.0
Nyabubare,Rukungiri,Kahoko,0.0,34,120.0,0.0,,,,,,,,,,,
Rugasha,Rukungiri,Kahoko,0.0,62,30.0,0.5,,,,,,,,,,30.0,
Omukatooma,Rukungiri,Murama,1852.5,54,40.0,0.37,75.0,,,,,,,,,75.0,
Rugoma,Rukungiri,Kacence,1840.7,37,30.0,0.0,130.0,,,,,,,,,,
Kabingo,Rukungiri,Ngoma,1758.2,76,30.0,0.25,121.0,,,,,,,,,,
Rwangeru,Rukungiri,Kacence,0.0,57,40.0,0.3,20.0,,,,,,,,,,
Rwonyo,Rukungiri,Kacence,1695.2,45,30.0,0.25,,,,,,,,,,15.0,
Rutooma,Rukungiri,Kahoko,0.0,36,30.0,0.5,,,,22.0,,,,,,200.0,
Nyarurambi,Rukungiri,Kitugunda,1780.8,39,30.0,1.0,,,,,,,,,,,
Nyarurambi,Rukungiri,Kitugunda,1798.7,70,30.0,0.5,,,,,,,,,,10.0,
Nyarurambi,Rukungiri,Kitugunda,1795.3,52,30.0,0.25,,,,,,,,,,15.0,
Omukatooma,Rukungiri,Murama,1869.2,55,60.0,1.795,270.0,,,,,,,,,,
Ndaragi,Rukungiri,Murama,0.0,40,60.0,0.5,50.0,,,,50.0,,,,,10.0,50.0
Kibeho,Rukungiri,Kahoko,1807.3,93,30.0,0.5,,,,,,,,,,10.0,
Kiniogo,Rukungiri,Kacence,0.0,78,8.0,0.75,,,,,,,,,,90.0,
Rwangeru,Rukungiri,Kacence,0.0,23,30.0,0.13,32.0,,,,,,,,,,
Numba,Rukungiri,Kacence,0.0,67,30.0,2.0,130.0,,,,,,,3.0,,30.0,
Kacence,Rukungiri,Kacence,1787.7,68,30.0,0.25,,,,,,,,,,80.0,
Mugina,Rukungiri,Murama,1704.3,58,30.0,1.75,190.0,,,,,,,,,,
Nyabisoni,Rukungiri,Kahoko,1845.8,39,60.0,0.5,,,,,,,,,,,
Ndaragi,Rukungiri,Murama,0.0,64,120.0,4.0,,,,,,,,,,15.0,
Kacence,Rukungiri,Ngoma,0.0,22,25.0,1.5,,,,,,,,,,6.0,7.0
Nyamirama,Rukungiri,Kitugunda,1789.7,60,10.0,0.25,23.0,,,,,,,,,50.0,0.5
Mugina,Rukungiri,Murama,1704.8,46,30.0,0.25,,,,,,,,,,30.0,
Nyabubare,Rukungiri,Kahoko,1651.4,34,30.0,1.0,,,,,,,,,,,
Rurindo,Rukungiri,Ngoma,0.0,26,60.0,0.0,,,,,,,,,,,
Nyabyogo,Rukungiri,Murama,1615.1,27,60.0,0.26,48.0,,,,,,,,,,
Nyabisoni,Rukungiri,Kahoko,1839.2,28,60.0,0.0,,,,,,,,,,,
Nyarurambi,Rukungiri,Kitugunda,1779.0,36,30.0,0.0,,,,,,,,,,90.0,
Mabindi,Rukungiri,Kacence,2046.7,60,30.0,1.9,100.0,,,,,,,2.0,,,
Nyarurambi,Rukungiri,Kitugunda,1787.2,40,15.0,1.75,,,,,,,,,,30.0,
Rwere,Rukungiri,Ngoma,1659.0,75,60.0,0.0,150.0,,,,125.0,,,,,6.0,
Nyakisoroza,Rukungiri,Kacence,1659.7,27,60.0,0.0,,,,,,,,,,,
Kababagi,Rukungiri,Kacence,0.0,76,30.0,1.5,,,,,,,,,,50.0,50.0
Rwonyo,Rukungiri,Kacence,1429.9,52,18.0,1.75,105.0,,,,,,,,,70.0,
Nyarurambi,Rukungiri,Kitugunda,1743.4,60,40.0,0.5,105.0,,,,,,,,,70.0,
Rwangeru,Rukungiri,Kacence,1912.1,38,30.0,0.25,,,,,,,,,,0.0,
Numba,Rukungiri,Kacence,1783.8,89,30.0,0.25,,,,,,,,,,70.0,
Nyamirama,Rukungiri,Kitugunda,1328.1,34,30.0,1.5,,,,,,,,,,,
Nyamabare,Rukungiri,Murama,1913.4,53,60.0,1.1,,,,,,,,,,0.0,
Kanyabutaye,Rukungiri,Ngoma,1673.7,70,30.0,3.99,,,,,,,,,,,
Kibeho,Rukungiri,Kahoko,1803.3,33,50.0,0.6,,,,,,,,,,55.0,
Ndaragi,Rukungiri,Murama,1725.4,80,10.0,0.75,50.0,,,,,,,,,50.0,50.0
Kigarama,Rukungiri,Ngoma,1694.3,48,90.0,0.99975,128.0,,,,,,,,,,
Rwere,Rukungiri,Ngoma,1616.1,49,60.0,0.25,,,,,,,,,,15.0,
Nangara,Rukungiri,Murama,1875.0,32,60.0,0.25,,,,,,,,,,,
Rwanama,Rukungiri,Kahoko,0.0,38,40.0,0.497,12.0,,,,,,,,,,
Rutooma,Rukungiri,Kahoko,1843.2,35,30.0,0.0,18.0,,,,,,,,,,
Nyabyogo,Rukungiri,Murama,1642.0,75,15.0,1.0,,,,,,,,,,,
Omurutezo,Rukungiri,Murama,1776.1,35,15.0,2.5,,,,,,,,,,,
Kibeho,Rukungiri,Kahoko,1802.6,27,30.0,0.25,120.0,,,,,,,,,10.0,
Kigoyi,Rukungiri,Kitugunda,1573.8,68,60.0,1.0,38.0,,2.0,,,,,2.0,,,
Kababagi,Rukungiri,Kacence,0.0,71,30.0,0.5,,,,,,,,,,300.0,
Mugina,Rukungiri,Murama,1728.6,40,15.0,0.75,,,,,,,,,,120.0,
Kagorogoro,Rukungiri,Murama,0.0,28,5.0,0.08,,,,,,,,,,,
Rugasha,Rukungiri,Kahoko,0.0,49,30.0,0.25,140.0,4.0,,,,,,,,20.0,
Nyabiterekyere,Rukungiri,Kacence,0.0,44,60.0,0.325,78.0,,,60.0,,,,,,40.0,1.5
Nyakisoroza,Rukungiri,Kacence,1842.3,78,20.0,0.0,,,,,,,,,,90.0,
Iterero,Rukungiri,Kacence,1851.3,51,20.0,0.25,70.0,,,,,,,,,60.0,
Buhumuriro,Rukungiri,Kitugunda,0.0,60,2.0,1.3,55.0,,,,30.0,,,,,,
Kiniogo,Rukungiri,Kacence,0.0,43,30.0,0.3,105.0,,,,60.0,,,9.0,,,
Kanyabutaye,Rukungiri,Ngoma,1698.3,65,60.0,1.34,44.0,,,,20.0,,,,,,
Kacence,Rukungiri,Ngoma,0.0,50,25.0,2.825,210.0,,,,,,,,,30.0,
Rurindo,Rukungiri,Ngoma,0.0,27,90.0,0.0,,,,,,,,,,,
Nyakabale,Rukungiri,Kitugunda,1767.9,45,30.0,0.9,,,,,,,,,,60.0,
Nyakabale,Rukungiri,Kitugunda,1771.8,86,45.0,0.9,200.0,,,,,,,11.0,,,
Karukonjo,Rukungiri,Kahoko,1788.9,48,60.0,0.45,,,,,,,,,,70.0,
Omukatooma,Rukungiri,Murama,1799.1,43,60.0,3.98,43.0,,,,,,,,,50.0,100.0
Nyaruhanga,Rukungiri,Kahoko,1849.4,58,30.0,0.75,,,,,,,,2.0,,30.0,80.0
Kigoyi,Rukungiri,Kitugunda,1669.9,48,60.0,1.5,180.0,,,,,,,2.0,,,
Kagyeyo,Rukungiri,Kitugunda,0.0,38,10.0,0.25,85.0,,,,,,,6.0,,,
Nyabubare,Rukungiri,Kahoko,0.0,34,40.0,0.994,42.0,,,,,,,2.0,,,
Nyabisoni,Rukungiri,Kahoko,1815.2,29,30.0,0.05,,,,,,,,,,50.0,
Nyakisoroza,Rukungiri,Kacence,1508.4,38,30.0,3.0,110.0,,,,,,,3.0,,,
Rwangeru,Rukungiri,Kacence,1913.5,68,60.0,0.25,,,,,,,,,,10.0,
Rugoma,Rukungiri,Kacence,1862.9,40,20.0,0.1,50.0,,,,,,,,,,
Kabingo,Rukungiri,Ngoma,709.8,56,120.0,1.0,75.0,,,,,,,2.0,,60.0,150.0
Rwonyo,Rukungiri,Kacence,1674.9,51,30.0,0.75,,,,,,,,,,20.0,
Kigoyi,Rukungiri,Kitugunda,1670.0,24,20.0,0.5,60.0,,,,,,,,,,
Kiniogo,Rukungiri,Kacence,0.0,50,4.0,0.75,140.0,,,,,,,,,,
Kigarama,Rukungiri,Ngoma,1505.4,35,30.0,1.75,,,,,,,,,,100.0,40.0
Nyabyogo,Rukungiri,Murama,1665.9,85,1.0,3.5,,,,,,,,,,100.0,
Nyabisoni,Rukungiri,Ngoma,1812.5,29,30.0,0.0,140.0,,,,30.0,,,1.0,,,
Kinisya,Rukungiri,Kacence,1724.9,36,3.0,0.25,,,,,,,,,,45.0,
Rutooma,Rukungiri,Kahoko,1843.6,99,30.0,1.0,,,,,,,,,,60.0,1.0
Kababagi,Rukungiri,Kacence,1779.3,45,20.0,0.25,170.0,,,,,,,,,40.0,
Omukatooma,Rukungiri,Murama,1835.1,44,10.0,0.0,280.0,,,,,,,,,,
Kababagi,Rukungiri,Kacence,1706.9,29,20.0,0.0,106.0,,,,,,,,,0.0,
Ruhita,Rukungiri,Ngoma,1633.5,30,60.0,0.9,55.0,,,,,,,,,50.0,
Nyakisoroza,Rukungiri,Kacence,1866.0,58,20.0,0.25,128.0,,,,,,,,,30.0,
Numba,Rukungiri,Kacence,0.0,90,60.0,0.5,110.0,,,,,,,,,0.0,
Rugoma,Rukungiri,Kacence,1875.0,25,30.0,0.0,21.0,,,,,,,,,,
Nyakabale,Rukungiri,Kitugunda,1787.0,38,30.0,0.0,,,,,,,,,,150.0,30.0
Kagorogoro,Rukungiri,Murama,0.0,45,20.0,3.25,,,,,,,,,,55.0,
Nyamirama,Rukungiri,Kitugunda,1749.4,40,10.0,0.25,,,,,,,,,,,
Kahama,Rukungiri,Murama,1905.7,40,12.0,2.75,140.0,,,,,,,,,90.0,
Nyakabale,Rukungiri,Kitugunda,1768.8,37,10.0,0.9,,,,,,,,,,24.0,
Rwonyo,Rukungiri,Kacence,1682.6,43,10.0,1.75,,,,,,,,,,60.0,
Iterero,Rukungiri,Kacence,1881.9,84,20.0,0.25,,,,,,,,,130.0,20.0,
Kahama,Rukungiri,Murama,1897.5,45,20.0,1.75,116.0,,,,,,,,,55.0,
Kacence,Rukungiri,Kacence,1574.7,30,30.0,0.75,35.0,,,,,,,,,40.0,
Kabaranga,Rukungiri,Murama,0.0,45,12.0,0.075,47.0,,,,,,,2.5,,80.0,100.0
Nyamabare,Rukungiri,Murama,1846.8,38,60.0,0.0,,,,,,,,,,,
Kabingo,Rukungiri,Ngoma,1710.2,47,30.0,0.75,55.0,,,,,,,,,50.0,
Mabindi,Rukungiri,Kacence,1949.7,46,30.0,0.26,75.0,,,,,,,,,,
Rwanama,Rukungiri,Kahoko,0.0,36,40.0,0.498,22.0,,,,,,,,,100.0,40.0
Nyarubare,Rukungiri,Murama,0.0,35,30.0,0.325,75.0,,,,,,,,,80.0,15.0
Mabindi,Rukungiri,Kacence,1975.3,70,30.0,0.99,37.0,,,,,,,,,,
Omukatooma,Rukungiri,Murama,1689.0,45,40.0,1.94,120.0,,,170.0,,,,,,20.0,100.0
Kagorogoro,Rukungiri,Murama,0.0,35,70.0,0.5,,,,,,,,,,29.0,20.0
Omukatooma,Rukungiri,Murama,0.0,27,5.0,0.25,350.0,,,,,,,,,,
Runyinya,Rukungiri,Kitugunda,1478.0,49,30.0,1.5,150.0,,,,125.0,,,,,6.0,
Kibeho,Rukungiri,Kahoko,1813.4,50,35.0,1.75,170.0,,,,,,,,,60.0,
Kagyeyo,Rukungiri,Kitugunda,0.0,80,60.0,0.825,,,,,,,,,,100.0,
Rutooma,Rukungiri,Kahoko,0.0,58,120.0,2.0,100.0,,,,,,,,,100.0,
Nyabisoni,Rukungiri,Kahoko,1884.0,80,30.0,0.2,,,,,,,,,,50.0,250.0
Rugoma,Rukungiri,Kacence,1798.7,41,50.0,0.0,,,,,,,,,,,
Kacence,Rukungiri,Kacence,1784.7,32,30.0,0.25,65.0,,,,,,,,,50.0,
Rwanama,Rukungiri,Kahoko,1753.3,79,30.0,0.0,250.0,,,,,,,,,,
Nyabiterekyere,Rukungiri,Kacence,0.0,36,60.0,0.5,40.0,,,,20.0,,,13.0,,,10.0
Rushebeya,Rukungiri,Murama,0.0,79,10.0,0.825,70.0,,,,,,,4.0,,40.0,2.0
Kabingo,Rukungiri,Ngoma,9.0,47,30.0,0.5,290.0,,,,78.0,,,,,,
Rugasha,Rukungiri,Kahoko,0.0,36,30.0,0.25,80.0,,,,,,,,,30.0,
Nyabisoni,Rukungiri,Kahoko,1871.0,28,60.0,1.5,,,,,,,,,,80.0,
Buhumuriro,Rukungiri,Kitugunda,0.0,52,3.0,2.8,,,,,,,,,,,
Nyabubare,Rukungiri,Kahoko,1651.4,42,60.0,0.0,,,,,,,,,,60.0,
Kiniogo,Rukungiri,Kacence,0.0,63,7.0,0.25,,,,,,,,,,45.0,50.0
Kagorogoro,Rukungiri,Murama,0.0,31,10.0,1.7,,,,,,,,,,70.0,
Omukatooma,Rukungiri,Murama,1796.4,69,5.0,0.0,,,,250.0,,,,,,,
Rushebeya,Rukungiri,Murama,0.0,36,30.0,0.075,37.0,,,,,,,4.0,,36.0,
Iterero,Rukungiri,Kacence,1213.0,62,30.0,0.5,,,,,,,,0.5,,70.0,
Omurutezo,Rukungiri,Murama,1796.0,46,60.0,0.99,180.0,,2.0,,190.0,,,,,,
Kagyeyo,Rukungiri,Kitugunda,0.0,27,30.0,0.25,90.0,,,,25.0,,,11.0,,,
Nyabubare,Rukungiri,Kahoko,0.0,70,40.0,0.9,125.0,,,,,,,,,,
Kigarama,Rukungiri,Ngoma,1505.5,25,45.0,0.475,75.0,,,,,,,2.0,,40.0,
Mabindi,Rukungiri,Kacence,1999.3,30,15.0,0.5,,,,,,,,,,,
Runyinya,Rukungiri,Kitugunda,1466.2,30,30.0,0.00225,85.0,,,,,,,,,6.0,
Rushebeya,Rukungiri,Murama,0.0,71,15.0,0.825,40.0,,,,,,,5.0,,40.0,
Rugasha,Rukungiri,Kahoko,0.0,80,20.0,0.75,,,,,,,,,,40.0,0.5
Ndaragi,Rukungiri,Murama,1718.5,27,10.0,0.25,110.0,,,,,,,1.5,,30.0,
Kitebwe,Rukungiri,Kitugunda,0.0,26,10.0,0.15,100.0,,,,20.0,,,,,55.0,
Mabindi,Rukungiri,Kacence,2060.2,30,30.0,1.0,65.0,,,,,,,,,70.0,1.0
Runyinya,Rukungiri,Kitugunda,1690.5,85,20.0,0.45,,,,,,,,,,120.0,
Rurindo,Rukungiri,Ngoma,0.0,54,60.0,0.995,,,,,,,,,,,
Kanyabutaye,Rukungiri,Ngoma,1686.5,27,180.0,0.0,55.0,,,,,,,9.0,,,
Katungu,Rukungiri,Kahoko,1814.2,50,240.0,0.825,,,,,,,,2.0,,30.0,100.0
Rugasha,Rukungiri,Kahoko,0.0,28,60.0,0.25,,,,,,,,,,24.0,
Nyaruhanga,Rukungiri,Kahoko,1824.9,65,60.0,0.0225,155.0,,,,,,,,,50.0,50.0
Rwanama,Rukungiri,Kahoko,0.0,48,45.0,0.995,600060.0,,,,,,,5.0,,,
Rutooma,Rukungiri,Kahoko,1842.0,29,30.0,0.75,80.0,,,,,,,1.0,,30.0,
Kababagi,Rukungiri,Kacence,1778.8,51,30.0,0.25,135.0,,,,,,,,,30.0,
Nyaruhanga,Rukungiri,Kahoko,1908.1,53,30.0,2.75,90.0,,,,,,,,,104.0,
Kacence,Rukungiri,Kacence,1752.1,36,15.0,0.475,125.0,,,,,,,,,50.0,
Kanyabutaye,Rukungiri,Ngoma,0.0,32,30.0,3.0,,,,,,,,,,,
Omukatooma,Rukungiri,Murama,1873.5,56,10.0,0.0,,,,,,,,,,30.0,
Kibeho,Rukungiri,Kahoko,1814.8,32,30.0,0.25,60.0,,,,,,,,,,
Ruhita,Rukungiri,Ngoma,1597.6,34,60.0,0.5,60.0,,,,,,,,,,200.0
Nyaruhanga,Rukungiri,Kahoko,1872.7,40,30.0,0.5,92.0,,,,,,,,,21.0,
Rushebeya,Rukungiri,Murama,0.0,45,90.0,0.75,98.0,,,,25.0,,,9.0,,80.0,10.0
Nyabisoni,Rukungiri,Kahoko,1827.3,85,60.0,0.15,121.0,,,,,,,,,,
Kinisya,Rukungiri,Kacence,1755.8,31,60.0,0.0,100.0,,,,,,,,,6.0,
Nyabyogo,Rukungiri,Murama,1585.5,70,60.0,0.99,65.0,,,,,,,,,50.0,
Kigarama,Rukungiri,Ngoma,1648.3,91,60.0,0.9975,,,,,,,,,,100.0,100.0
Kitugunda,Rukungiri,Kitugunda,0.0,54,10.0,0.325,55.0,,,30.0,,,,4.0,,40.0,30.0
Kiniogo,Rukungiri,Kacence,0.0,83,10.0,1.75,50.0,,,,,,,,,150.0,
Kabingo,Rukungiri,Ngoma,1828.4,38,40.0,0.0,185.0,,2.5,,,,,12.0,,,
Rushebeya,Rukungiri,Murama,0.0,29,60.0,0.75,,,,,,,,,,0.0,
Kiniogo,Rukungiri,Kacence,0.0,56,30.0,0.75,70.0,,,,,,,,,80.0,100.0
Kanyabutaye,Rukungiri,Ngoma,0.0,29,60.0,1.5,270.0,,,,150.0,,,4.0,,,
Nyakabale,Rukungiri,Kitugunda,1777.6,33,45.0,0.325,,,,,,,,,,20.0,
Karukonjo,Rukungiri,Kahoko,1852.1,60,30.0,1.5,180.0,,5.0,,,,,13.0,,,
Mugina,Rukungiri,Murama,1711.9,45,20.0,1.75,125.0,,,,,,,,,90.0,
Nyabiterekyere,Rukungiri,Kacence,0.0,76,45.0,0.325,40.0,,,,,,,2.0,,100.0,200.0
Nangara,Rukungiri,Murama,1901.5,39,180.0,0.975,160.0,,0.0,,70.0,,,10.0,68.0,,
Nyabubare,Rukungiri,Kahoko,0.0,49,45.0,1.495,55.0,,,,,,,3.0,,,
Kigoyi,Rukungiri,Kitugunda,1669.9,60,40.0,0.25,55.0,,,,15.0,,,,,150.0,
Nyarurambi,Rukungiri,Kitugunda,1768.4,70,30.0,0.25,,,,,,,,,,,
Rwere,Rukungiri,Ngoma,1664.4,42,15.0,0.75,45.0,,,,,,,,,100.0,
Kahara,Rukungiri,Kacence,1878.6,40,120.0,0.8,35.0,,,,,,,,,60.0,
Nyabiterekyere,Rukungiri,Kacence,0.0,35,60.0,0.75,70.0,,,,,,,6.0,,30.0,
Katungu,Rukungiri,Kahoko,1832.5,27,15.0,2.4,,,,,,,,,,150.0,
Nyabyogo,Rukungiri,Murama,1645.1,40,30.0,0.34,45.0,,,,,,,,,,
Katungu,Rukungiri,Kahoko,1838.7,90,240.0,0.325,45.0,,,,,,,,,50.0,250.0
Rwanama,Rukungiri,Kahoko,1915.8,32,60.0,0.75,,,,,,,,,,30.0,
Runyinya,Rukungiri,Kitugunda,1604.8,44,40.0,0.75,121.0,,,,,,,,,36.0,
Omurutezo,Rukungiri,Murama,1902.0,32,120.0,2.99,170.0,,,,36.0,,,10.0,,,
Kabingo,Rukungiri,Ngoma,1734.7,53,30.0,0.25,,,,,,,,,,,
Rutooma,Rukungiri,Kahoko,0.0,40,120.0,0.5,,,,,,,,,,100.0,
Kiniogo,Rukungiri,Kacence,0.0,72,14.0,0.7,,,,,,,,,,55.0,
Kitugunda,Rukungiri,Kitugunda,0.0,64,20.0,5.5,80.0,,,,35.0,,,7.0,,80.0,200.0
Buhumuriro,Rukungiri,Kitugunda,0.0,48,20.0,0.8,60.0,,,,,,,,,,
Nyabisoni,Rukungiri,Ngoma,0.0,65,120.0,1.5,,,,,,,,,,,
Nyakabale,Rukungiri,Kitugunda,1818.1,38,60.0,0.0,18.0,,,,,,,4.0,,,
Mabindi,Rukungiri,Kacence,1953.0,45,5.0,0.24,32.0,,,,,,,,,,
Nangara,Rukungiri,Murama,1901.5,89,320.0,0.525,,,,,,,,,,35.0,
Buhumuriro,Rukungiri,Kitugunda,0.0,45,60.0,0.25,70.0,,,,,,,,,35.0,
Kacence,Rukungiri,Kacence,1804.8,90,15.0,0.475,,,,,,,,,,16.0,
Iterero,Rukungiri,Kacence,1828.4,45,20.0,0.25,40.0,,,,,,,,,50.0,0.0
Kiniogo,Rukungiri,Kacence,0.0,57,20.0,0.0,,,,,,,,,,,
Mabindi,Rukungiri,Kacence,1979.8,40,180.0,2.24,75.0,,,48.0,,,,,,50.0,
Kabingo,Rukungiri,Ngoma,1602.7,41,60.0,0.0,300.0,,,,200.0,,,2.0,,,
Rwonyo,Rukungiri,Kacence,1682.6,69,60.0,0.75,45.0,,,,,,,,,70.0,
Rwere,Rukungiri,Ngoma,1674.8,60,60.0,0.25,,,,,,,,,,80.0,
Kamuhozi,Rukungiri,Kahoko,1943.5,38,40.0,0.8,,,,,,,,,,36.0,
Kinisya,Rukungiri,Kacence,1730.3,23,30.0,0.598,160.0,,,90.0,,,,12.0,,,
Kanyabutaye,Rukungiri,Ngoma,0.0,50,120.0,0.5,,,,,,,,,,80.0,10.0
Kabaranga,Rukungiri,Murama,0.0,51,120.0,0.325,45.0,,,,,,,4.0,,,200.0
Burera,Rukungiri,Ngoma,1635.9,45,15.0,0.85,,,,,,,,,,180.0,
Kabaranga,Rukungiri,Murama,0.0,33,60.0,0.325,65.0,,,,35.0,,,2.0,,40.0,30.0
Kabingo,Rukungiri,Ngoma,11.4,50,120.0,0.5,140.0,,,,40.0,,,11.0,,,
Kitugunda,Rukungiri,Kitugunda,0.0,65,30.0,1.75,90.0,,,,,130.0,,,,50.0,
Omurutezo,Rukungiri,Murama,1932.1,51,60.0,1.5,180.0,,4.0,,85.0,,,9.0,,,
Iterero,Rukungiri,Kacence,1607.2,46,20.0,1.0,140.0,4.0,,,,,,,,,
Runyinya,Rukungiri,Kitugunda,1569.9,26,28.0,0.7475,50.0,,,,,,,,,16.0,
Omurutezo,Rukungiri,Murama,1898.1,80,60.0,0.99,,,,,,,,,,55.0,
Mugina,Rukungiri,Murama,1707.1,54,15.0,2.75,350.0,,,,,,,,,50.0,
Rwanama,Rukungiri,Kahoko,1827.3,44,60.0,0.5,350.0,,,,,,,,,,
Burera,Rukungiri,Ngoma,1657.4,44,40.0,0.35,,,,,,,,1.8,,60.0,
Nyabyogo,Rukungiri,Murama,1667.8,39,10.0,0.5,70.0,,,,,,,4.0,,,
Kibeho,Rukungiri,Kahoko,1800.8,26,30.0,0.5,,,,,,,,,,50.0,
Mabindi,Rukungiri,Kacence,2011.7,49,30.0,3.5,380.0,,,,,,,,,,
Karukonjo,Rukungiri,Kahoko,0.0,68,30.0,2.5,,,,,,,,,,80.0,
Kibeho,Rukungiri,Kahoko,1809.5,81,45.0,0.75,,,,,,,,,,96.0,100.0
Rurindo,Rukungiri,Ngoma,0.0,40,40.0,2.0,520.0,,,,,,,,,,
Rwanama,Rukungiri,Kahoko,1746.4,38,60.0,0.05,,,,,,,,,,,
Buhumuriro,Rukungiri,Kitugunda,0.0,56,60.0,0.25,,,,,,,,,,55.0,
Buhumuriro,Rukungiri,Kitugunda,0.0,41,30.0,0.75,,,,,,,,,,50.0,
Kahara,Rukungiri,Kacence,1862.7,47,120.0,0.825,,,,,,,,,,30.0,
Numba,Rukungiri,Kacence,1796.1,42,30.0,0.25,30.0,,,,,,,,,100.0,
Karukonjo,Rukungiri,Kahoko,1777.6,29,10.0,1.5,,,,,,,,,,100.0,60.0
Omurutezo,Rukungiri,Murama,1817.4,52,120.0,0.99,50.0,,,,,,,,,180.0,
Nyabubare,Rukungiri,Kahoko,0.0,60,60.0,0.0,150.0,,0.0,,210.0,,,9.0,,,
Runyinya,Rukungiri,Kitugunda,1698.4,75,5.0,0.75,,,,,,,,,,104.0,
Buhumuriro,Rukungiri,Kitugunda,0.0,78,30.0,1.8,285.0,,,,,,,,,,
Kabingo,Rukungiri,Ngoma,1715.6,78,30.0,1.75,70.0,,,,,,,80.0,,,
Kigarama,Rukungiri,Ngoma,1505.4,58,50.0,0.75,85.0,,,,,,,4.0,,144.0,100.0
Buhumuriro,Rukungiri,Kitugunda,0.0,54,30.0,1.8,230.0,,,,,,,7.0,,,
Rwangeru,Rukungiri,Kacence,0.0,43,60.0,0.85,250.0,,3.0,,90.0,,,9.5,,0.0,
Rugoma,Rukungiri,Kacence,1862.0,26,10.0,1.75,90.0,,,,,,,11.0,,,
Nyamirama,Rukungiri,Kitugunda,1768.2,41,10.0,0.25,105.0,,,,,,,50.0,,,
Kahara,Rukungiri,Kacence,1869.0,52,30.0,1.8,45.0,,,,,,,,,60.0,100.0
Nyarubare,Rukungiri,Murama,0.0,25,40.0,0.75,90.0,,3.0,,,,,3.5,,100.0,10.0
Omukatooma,Rukungiri,Murama,0.0,47,8.0,0.0,300.0,,,,400.0,,,,,,
Nyabisoni,Rukungiri,Ngoma,0.0,42,120.0,0.5,110.0,,,,,,,,,,45.0
Kababagi,Rukungiri,Kacence,1779.4,41,20.0,0.25,110.0,,,,,,,,,60.0,
Kigarama,Rukungiri,Ngoma,1698.8,49,75.0,0.49975,135.0,,,,,,,,,69.0,
Rwanama,Rukungiri,Kahoko,0.0,42,30.0,0.998,210.0,,5.0,,,,,11.0,,,
Kagorogoro,Rukungiri,Murama,0.0,26,40.0,2.75,,,,90.0,,,,,,95.0,
Rutooma,Rukungiri,Kahoko,0.0,80,60.0,0.5,230.0,,,,,,,25.0,,,
Omurutezo,Rukungiri,Murama,1771.4,77,60.0,0.98,28.0,,,,,,,,,60.0,100.0
Kinisya,Rukungiri,Kacence,1765.6,28,2.0,0.25,100.0,,,,360.0,,,9.0,,,
Kamuhozi,Rukungiri,Kahoko,1893.5,30,30.0,0.7,,,,,,,,,,180.0,
Rutooma,Rukungiri,Kahoko,1843.5,57,30.0,0.75,,,,,,,,,,40.0,1.5
Nangara,Rukungiri,Murama,1901.6,56,20.0,2.975,296.0,,,,,,,,,100.0,
Rugoma,Rukungiri,Kacence,1805.4,60,45.0,1.95,80.0,,,,15.0,,,,,70.0,
Nyabubare,Rukungiri,Kahoko,0.0,69,40.0,1.25,,,,,,,,,,,
Rugoma,Rukungiri,Kacence,1834.4,81,5.0,0.0,,,,,,,,,,60.0,1.0
Kahara,Rukungiri,Kacence,1862.9,40,30.0,1.7,35.0,,,,,,,2.0,,45.0,50.0
Kahama,Rukungiri,Murama,1877.4,57,15.0,0.5,,,,,,,,,,100.0,
Kabaranga,Rukungiri,Murama,0.0,54,30.0,0.325,180.0,,2.0,,190.0,,,,,120.0,
Nyaruhanga,Rukungiri,Kahoko,1897.3,52,40.0,0.25,,,,,,,,2.0,,24.0,
Nyabisoni,Rukungiri,Ngoma,1833.7,46,30.0,0.75,,,,,,,,,,50.0,0.5
Kababagi,Rukungiri,Kacence,1779.6,36,10.0,0.25,120.0,,,,90.0,,,,,10.0,
Nangara,Rukungiri,Murama,1901.4,40,40.0,0.2475,450.0,,,,,,,,,,
Nyakisoroza,Rukungiri,Kacence,1659.7,56,20.0,2.0,250.0,,,,,,,,,30.0,2.0
Kibeho,Rukungiri,Kahoko,1790.1,55,15.0,2.25,155.0,,,,,,,,,75.0,
Rwere,Rukungiri,Ngoma,1626.6,52,30.0,1.75,125.0,,,,,,,,,50.0,
Nyakisoroza,Rukungiri,Kacence,1840.0,55,20.0,0.75,50.0,,,,,,,,,90.0,30.0
Ndaragi,Rukungiri,Murama,1777.6,41,20.0,2.25,,,,,,,,,,60.0,0.5
Nyabisoni,Rukungiri,Ngoma,1833.6,50,60.0,0.75,52.0,,,,,,,1.0,,40.0,2.0
Ndaragi,Rukungiri,Murama,0.0,48,30.0,1.5,,,,,,,,,,50.0,
Kabaranga,Rukungiri,Murama,0.0,27,90.0,1.75,180.0,,4.0,,90.0,,,8.0,,80.0,50.0
Ndaragi,Rukungiri,Murama,1742.0,60,20.0,0.75,90.0,,,80.0,,,,1.5,,40.0,
Nyamirama,Rukungiri,Kitugunda,1779.4,40,20.0,0.25,190.0,,,,75.0,,,,,60.0,200.0
Nyabiterekyere,Rukungiri,Kacence,0.0,70,60.0,0.75,95.0,,,,,,,9.0,,100.0,20.0
Kigoyi,Rukungiri,Kitugunda,1695.8,72,20.0,2.0,37.0,,,,,,,,,115.0,50.0
Rwangeru,Rukungiri,Kacence,0.0,32,30.0,0.0,75.0,,,,,,,,,35.0,
Burera,Rukungiri,Ngoma,1639.8,29,30.0,0.65,,,,,,,,,,100.0,
Nyakabale,Rukungiri,Kitugunda,1820.6,55,320.0,0.8,30.0,,,,,,,4.0,,80.0,50.0
Karukonjo,Rukungiri,Kahoko,1949.8,51,60.0,2.0,55.0,,,,,,,,,,
Kabaranga,Rukungiri,Murama,0.0,85,240.0,0.75,25.0,,,,,,,3.0,,60.0,
Kamuhozi,Rukungiri,Kahoko,0.0,90,60.0,0.875,,,,,,,,,,50.0,20.0
Kacence,Rukungiri,Ngoma,0.0,65,30.0,0.825,,,,,,,,,,200.0,100.0
Katungu,Rukungiri,Kahoko,1858.1,54,30.0,2.9,,,,,,,,,,115.0,50.0
Nyabyogo,Rukungiri,Murama,1636.7,68,60.0,0.99,45.0,,,,,,,,,100.0,
Nyabisoni,Rukungiri,Ngoma,0.0,43,60.0,1.5,280.0,,,,,,,,,300.0,200.0
Nyabubare,Rukungiri,Kahoko,0.0,65,30.0,5.9,95.0,,,,,,,3.0,,,
Kabingo,Rukungiri,Ngoma,1799.3,37,40.0,0.25,,,,,,,,,,90.0,
Burera,Rukungiri,Ngoma,1676.3,52,45.0,1.8,60.0,,,,,,,,,200.0,
Kinisya,Rukungiri,Kacence,1741.5,36,6.0,0.7,85.0,,,,,,,,,,
Kahara,Rukungiri,Kacence,1901.9,45,10.0,1.9,,,,,,,,,,96.0,100.0
Rugoma,Rukungiri,Kacence,1818.8,74,15.0,0.25,,,,,,,,,,100.0,
Kababagi,Rukungiri,Kacence,1779.3,44,20.0,0.75,100.0,,,,,,,,,30.0,
Omukatooma,Rukungiri,Murama,1839.5,49,90.0,1.42,60.0,,,,,,,2.0,,,
Rutooma,Rukungiri,Kahoko,1843.4,46,60.0,1.25,120.0,,,,60.0,,,,,50.0,2.0
Nyaruhanga,Rukungiri,Kahoko,1904.1,68,30.0,0.5,,,,,,,,,,70.0,
Nyarurambi,Rukungiri,Kitugunda,1751.4,34,15.0,1.5,270.0,,,,,,,,,70.0,
Katungu,Rukungiri,Kahoko,1918.0,59,50.0,2.5,,,,,,,,,,20.0,100.0
Nyaruhanga,Rukungiri,Kahoko,1835.0,81,38.0,0.4975,156.0,,,,100.0,,,,,100.0,100.0
Nyaruhanga,Rukungiri,Kahoko,1849.6,73,30.0,2.75,65.0,,,,,,,,,200.0,100.0
Kagyeyo,Rukungiri,Kitugunda,0.0,56,15.0,0.325,40.0,,,,40.0,,,,,200.0,
Iterero,Rukungiri,Kacence,15.0,53,30.0,1.0,150.0,,,,,,,,,,
Rutooma,Rukungiri,Kahoko,1842.1,85,20.0,0.5,40.0,,,,,,,,,150.0,3.0
Nyakisoroza,Rukungiri,Kacence,1545.6,34,30.0,1.5,60.0,,,,,,,2.0,,100.0,100.0
Kigoyi,Rukungiri,Kitugunda,1665.0,75,20.0,0.25,280.0,,9.0,,90.0,,,13.0,,,
Kitebwe,Rukungiri,Kitugunda,0.0,51,15.0,0.5,,,,,,,,,,40.0,
Numba,Rukungiri,Kacence,1729.7,48,30.0,0.25,65.0,,,,,,,,,40.0,
Kitebwe,Rukungiri,Kitugunda,0.0,67,80.0,0.5,50.0,,,,,,,,,20.0,100.0
Nyabisoni,Rukungiri,Kahoko,1854.0,57,60.0,0.5,,,,,,,,,,,
Kacence,Rukungiri,Ngoma,0.0,70,60.0,1.0,80.0,,,,,,,8.0,,60.0,150.0
Omurutezo,Rukungiri,Murama,1839.7,44,30.0,2.0,400.0,,,,,,,,,,
Nyaruhanga,Rukungiri,Kahoko,1845.8,95,30.0,3.75,130.0,,,,,,,,,150.0,
Karukonjo,Rukungiri,Kahoko,1855.7,64,60.0,0.8,,,,,,,,,,30.0,
Ndaragi,Rukungiri,Murama,0.0,25,60.0,0.5,100.0,,,,,,,,,150.0,30.0
Kitugunda,Rukungiri,Kitugunda,0.0,52,60.0,0.75,95.0,,,,,,,10.5,,60.0,
Omurutezo,Rukungiri,Murama,1842.8,20,15.0,0.8,100.0,,,,,,,,,70.0,
Rushebeya,Rukungiri,Murama,0.0,53,20.0,1.825,110.0,,,,,,,5.0,,60.0,200.0
Kacence,Rukungiri,Kacence,1823.8,48,20.0,1.25,100.0,,,,,,,,,120.0,
Kacence,Rukungiri,Kacence,1763.9,43,40.0,1.75,120.0,,,,,,,,,200.0,
Kigarama,Rukungiri,Ngoma,1693.0,28,60.0,0.024975,125.0,,,,,,,,,,
Karukonjo,Rukungiri,Kahoko,1836.6,30,30.0,1.0,230.0,,2.5,,60.0,,,17.0,,,
Rurindo,Rukungiri,Ngoma,0.0,93,60.0,0.792,,,,,,,,,,,
Rwere,Rukungiri,Ngoma,1648.3,38,30.0,0.75,520.0,,,,,,,,,60.0,
Nangara,Rukungiri,Murama,1891.0,53,40.0,0.5,35.0,,,,,,,,,50.0,50.0
Kagorogoro,Rukungiri,Murama,0.0,50,25.0,0.75,65.0,,,,,,,,,90.0,30.0
Rwanama,Rukungiri,Kahoko,1787.3,56,60.0,0.0,228.0,,,,,,,,,,
Nyabiterekyere,Rukungiri,Kacence,0.0,46,60.0,0.325,170.0,,,,36.0,,,10.0,,30.0,80.0
Kigarama,Rukungiri,Ngoma,1505.4,70,50.0,1.75,80.0,,,,,,,,,100.0,
Nangara,Rukungiri,Murama,1891.4,35,60.0,1.75,45.0,,,,,,,,,100.0,
Kibeho,Rukungiri,Kahoko,1813.4,98,55.0,4.25,,,,,,,,,,60.0,
Nyakisoroza,Rukungiri,Kacence,1841.0,60,20.0,0.25,150.0,,,,,,,,,60.0,
Kitugunda,Rukungiri,Kitugunda,0.0,35,60.0,0.825,65.0,,,,,,,20.0,,60.0,
Kacence,Rukungiri,Kacence,1732.9,38,60.0,1.75,228.0,,,,,,,,,,
Kagyeyo,Rukungiri,Kitugunda,0.0,58,20.0,0.65,65.0,,,,50.0,,,4.0,,120.0,
Nangara,Rukungiri,Murama,1891.5,48,40.0,0.75,70.0,,,,,,,4.0,,50.0,
Nangara,Rukungiri,Murama,1534.5,80,60.0,0.75,45.0,,,,,,,,,60.0,
Kinisya,Rukungiri,Kacence,1749.3,50,2.0,0.25,,,,,,,,,,,
Nyabiterekyere,Rukungiri,Kacence,0.0,38,45.0,0.825,160.0,,,90.0,,,,12.0,,80.0,60.0
Burera,Rukungiri,Ngoma,1635.6,30,20.0,0.3,,,,,,,,,,70.0,
Kamuhozi,Rukungiri,Kahoko,0.0,38,60.0,2.875,65.0,,,,,,,10.0,,60.0,
Kanyabutaye,Rukungiri,Ngoma,0.0,28,60.0,0.5,300.0,,,,60.0,,,45.0,,,
Kacence,Rukungiri,Ngoma,0.0,53,60.0,0.825,60.0,,,,48.0,,,10.0,,250.0,
Kitebwe,Rukungiri,Kitugunda,0.0,62,100.0,0.75,,,,,,,,,,96.0,
Runyinya,Rukungiri,Kitugunda,1723.8,24,15.0,0.0,115.0,13.0,,,,,,,,,
Kamuhozi,Rukungiri,Kahoko,1866.5,40,40.0,0.8,,,,,,,,,,100.0,
Nyakabale,Rukungiri,Kitugunda,1804.4,75,120.0,0.5,55.0,,,,,,,,,250.0,30.0
Omurutezo,Rukungiri,Murama,1891.3,32,60.0,2.5,35.0,,,,,,,,,,
Nyaruhanga,Rukungiri,Kahoko,1910.5,64,10.0,2.5,258.0,,,,,,,,,50.0,
Mugina,Rukungiri,Murama,1701.0,51,15.0,1.25,,,,,,,,,,80.0,
Kitebwe,Rukungiri,Kitugunda,0.0,29,8.0,0.25,,,,,,,,,,35.0,
Rwanama,Rukungiri,Kahoko,1852.7,35,10.0,1.5,,,,,,,,,,200.0,100.0
Kacence,Rukungiri,Ngoma,0.0,40,15.0,0.825,140.0,,,,43.0,,,7.0,,100.0,200.0
Omurutezo,Rukungiri,Murama,1876.9,52,120.0,4.24,290.0,,,,78.0,,,,,,
Nyabisoni,Rukungiri,Ngoma,1833.6,26,60.0,0.0,,,,,,,,,,0.0,
Kitugunda,Rukungiri,Kitugunda,0.0,48,60.0,1.75,105.0,,,,10.0,,,7.0,,80.0,70.0
Nyabisoni,Rukungiri,Kahoko,1867.9,37,40.0,1.5,,,,,,,,,,,
Kahama,Rukungiri,Murama,1890.6,62,10.0,1.6,130.0,,,,,,,,,60.0,
Rwonyo,Rukungiri,Kacence,1690.9,60,10.0,2.5,90.0,,,,,,,,,70.0,
Katungu,Rukungiri,Kahoko,1813.7,24,10.0,1.4,,,,,,,,,,30.0,
Kamuhozi,Rukungiri,Kahoko,0.0,85,30.0,4.875,150.0,,0.0,,210.0,,,9.0,,30.0,
Ruhita,Rukungiri,Ngoma,1601.3,34,75.0,1.8,45.0,,,,,,,,,140.0,70.0
Burera,Rukungiri,Ngoma,1623.0,70,40.0,0.35,,,,,,,,,,,
Kinisya,Rukungiri,Kacence,1750.5,39,30.0,1.74,42.0,,,,,,,,,20.0,200.0
Omukatooma,Rukungiri,Murama,1725.3,54,45.0,0.594,400.0,,,110.0,,,,12.0,,,
Kacence,Rukungiri,Kacence,1752.1,58,30.0,0.975,195.0,,,,,,,,,30.0,
Rugasha,Rukungiri,Kahoko,0.0,50,20.0,0.5,75.0,,,,110.0,,,,,150.0,
Rushebeya,Rukungiri,Murama,0.0,40,5.0,0.825,53.0,,,,,,,,,200.0,
Mugina,Rukungiri,Murama,1706.6,56,30.0,2.25,,,,,,,,,,80.0,3.0
Katungu,Rukungiri,Kahoko,1852.6,80,120.0,0.325,20.0,,,,,,,,,250.0,
Nyakisoroza,Rukungiri,Kacence,1860.0,27,20.0,0.25,,,,,,,,,100.0,40.0,
Nyakabale,Rukungiri,Kitugunda,1805.5,60,15.0,4.8,,,,,,,,,,180.0,30.0
Rushebeya,Rukungiri,Murama,0.0,27,60.0,0.75,125.0,,3.0,,80.0,,,9.0,,180.0,
Kitugunda,Rukungiri,Kitugunda,0.0,35,60.0,0.75,75.0,,,,21.0,,,15.0,,35.0,0.0
Runyinya,Rukungiri,Kitugunda,1501.8,50,30.0,2.5,121.0,,,,,,,,,19.0,
Kigarama,Rukungiri,Ngoma,1505.2,26,30.0,1.75,45.0,,,,,,,,,45.0,
Nyabubare,Rukungiri,Kahoko,1694.3,44,10.0,0.05,,,,,,,,,,50.0,
Nyarurambi,Rukungiri,Kitugunda,1775.0,68,30.0,1.5,,,,,,,,,,,50.0
Kagorogoro,Rukungiri,Murama,0.0,49,20.0,1.25,80.0,,,,,,,,,150.0,
Nyakisoroza,Rukungiri,Kacence,0.0,35,20.0,1.0,140.0,,,,,,,1.0,,0.0,
Rwangeru,Rukungiri,Kacence,0.0,33,20.0,0.8,120.0,,,,,,,,,,0.0
Rurindo,Rukungiri,Ngoma,0.0,40,60.0,0.25,,,,,,,,,,,
Omurutezo,Rukungiri,Murama,1800.5,45,30.0,1.5,,,,,,,,,,,
Rushebeya,Rukungiri,Murama,0.0,63,40.0,1.0,170.0,,1.5,,,,,7.0,,60.0,35.0
Nyamirama,Rukungiri,Kitugunda,1328.1,90,60.0,3.0,22.0,,,,,,,,,30.0,100.0
Nyamirama,Rukungiri,Kitugunda,1328.1,58,20.0,2.0,18.0,,,,,,,,,200.0,
Numba,Rukungiri,Kacence,0.0,48,45.0,1.0,110.0,,,,,,,1.0,,95.0,
Mabindi,Rukungiri,Kacence,1979.2,56,60.0,1.24,65.0,,,,,,,,,,
Kigoyi,Rukungiri,Kitugunda,1667.8,36,20.0,0.25,,,,,,,,,,,50.0
Runyinya,Rukungiri,Kitugunda,1720.7,28,20.0,3.75,,,,,,,,,,200.0,
Mabindi,Rukungiri,Kacence,2034.8,40,60.0,1.0,,,,,,,,,,,
Runyinya,Rukungiri,Kitugunda,1695.1,27,20.0,2.75,380.0,,,,,,,,,104.0,
Kabaranga,Rukungiri,Murama,0.0,80,90.0,2.75,110.0,,6.0,,45.0,,,10.0,,300.0,10.0
Mabindi,Rukungiri,Kacence,2042.0,30,30.0,1.5,18.0,,,,,,,,,60.0,
Kagorogoro,Rukungiri,Murama,0.0,25,8.0,0.75,110.0,,,,,,,,,180.0,30.0
Nyamabare,Rukungiri,Murama,1837.3,52,45.0,3.8,90.0,,,,,,,,,144.0,100.0
Katungu,Rukungiri,Kahoko,1804.4,55,120.0,0.825,110.0,,,,,,,3.5,,80.0,100.0
Numba,Rukungiri,Kacence,1805.8,57,30.0,0.75,100.0,,,,,,,,,30.0,
Ndaragi,Rukungiri,Murama,0.0,25,60.0,1.0,,,,,,,,,,300.0,
Kanyabutaye,Rukungiri,Ngoma,1669.2,51,40.0,0.24,250.0,,,,,,,,,0.0,0.0
Kiniogo,Rukungiri,Kacence,0.0,31,30.0,0.3,,,,,,,,,,60.0,
Nyabubare,Rukungiri,Kahoko,1656.0,58,60.0,0.0,60.0,,,,,,,,,50.0,
Mugina,Rukungiri,Murama,1703.9,50,30.0,1.0,,,,20.0,,,,,,100.0,
Kahama,Rukungiri,Murama,1907.6,33,15.0,1.75,210.0,,,,,,,,,35.0,
Runyinya,Rukungiri,Kitugunda,1722.1,56,15.0,0.25,35.0,,,,,,,,,250.0,
Kahara,Rukungiri,Kacence,1854.8,73,15.0,1.9,,,,,,,,,,144.0,
Rugasha,Rukungiri,Kahoko,0.0,61,120.0,1.25,50.0,,,,,,,,,70.0,1.0
Nyabiterekyere,Rukungiri,Kacence,0.0,72,15.0,1.825,87.0,,,,28.0,,,9.0,,200.0,100.0
Iterero,Rukungiri,Kacence,1469.2,46,60.0,0.5,420.0,,,,200.0,,,12.0,,0.0,
Nyabyogo,Rukungiri,Murama,1662.0,38,10.0,0.5,160.0,,,,,,,,,,
Nyarubare,Rukungiri,Murama,0.0,60,40.0,0.75,140.0,,4.0,,70.0,,,8.0,,80.0,
Rugoma,Rukungiri,Kacence,1838.4,61,2.0,0.0,125.0,,,,,,,,,,
Kitugunda,Rukungiri,Kitugunda,0.0,30,40.0,1.0,70.0,,1.5,,31.0,,,10.0,,100.0,
Kacence,Rukungiri,Kacence,1804.8,52,15.0,0.4975,220.0,,,,,,,,,250.0,
Kababagi,Rukungiri,Kacence,0.0,51,60.0,0.5,,,,,,,,,,15.0,
Numba,Rukungiri,Kacence,0.0,40,60.0,2.0,55.0,,,,,,,1.0,,160.0,
Nyabisoni,Rukungiri,Ngoma,0.0,53,60.0,0.5,,,,,,,,,,150.0,
Iterero,Rukungiri,Kacence,-56.7,55,30.0,3.0,,5.0,,,,,,,,,0.0
Rugoma,Rukungiri,Kacence,1831.7,66,20.0,0.9,270.0,,,,150.0,,,4.0,,,
Nyakisoroza,Rukungiri,Kacence,1884.8,29,20.0,0.25,,,,,7.0,,,,,50.0,
Kacence,Rukungiri,Ngoma,0.0,65,40.0,1.25,90.0,,,,,,,11.0,,150.0,30.0
Nangara,Rukungiri,Murama,1901.5,30,120.0,0.975,,,,,,,,,,180.0,100.0
Kagyeyo,Rukungiri,Kitugunda,0.0,39,25.0,1.325,55.0,,,,,,,8.0,,150.0,
Kigarama,Rukungiri,Ngoma,1691.4,35,60.0,0.9975,,,,,,,,,,,
Rushebeya,Rukungiri,Murama,0.0,66,60.0,1.825,55.0,,,,,,,8.0,,400.0,200.0
Kagyeyo,Rukungiri,Kitugunda,0.0,38,90.0,1.0,110.0,,2.0,,25.0,,,11.0,,40.0,30.0
Kitugunda,Rukungiri,Kitugunda,0.0,38,60.0,1.25,300.0,,,,60.0,,,45.0,,100.0,
Nyamabare,Rukungiri,Murama,1928.0,70,60.0,1.0,45.0,,,,,,,,,300.0,
Rugasha,Rukungiri,Kahoko,0.0,42,30.0,0.0,,,,,,,,,130.0,,
Burera,Rukungiri,Ngoma,0.0,26,15.0,0.375,,,,,,,,,,50.0,
Kagyeyo,Rukungiri,Kitugunda,0.0,65,60.0,2.25,160.0,,3.0,,,,,23.0,,160.0,
Nyaruhanga,Rukungiri,Kahoko,1836.2,66,30.0,0.975,250.0,,,,,,,,,100.0,
Nyakabale,Rukungiri,Kitugunda,1766.2,64,20.0,1.7,,,,,,,,,,144.0,
Rurindo,Rukungiri,Ngoma,0.0,68,30.0,0.0,230.0,6.0,10.0,,90.0,,135.0,19.0,,,
Iterero,Rukungiri,Kacence,1839.3,29,20.0,0.75,,,,,,,,,,100.0,100.0
Rwangeru,Rukungiri,Kacence,0.0,23,25.0,1.75,125.0,,,,,,,,,90.0,
Kabaranga,Rukungiri,Murama,0.0,47,90.0,1.25,140.0,,,,40.0,,,11.0,,200.0,
Kacence,Rukungiri,Ngoma,0.0,58,90.0,1.25,110.0,,5.0,,55.0,,,10.0,,400.0,180.0
Rwangeru,Rukungiri,Kacence,0.0,42,60.0,2.25,150.0,,,,,,,,,,
Kababagi,Rukungiri,Kacence,0.0,32,60.0,1.5,,,,,,,,,,90.0,
Burera,Rukungiri,Ngoma,0.0,28,60.0,0.875,90.0,,,,,,,11.0,,200.0,
Nangara,Rukungiri,Murama,1884.8,52,60.0,2.75,110.0,,,,,,,,,100.0,60.0
Kamuhozi,Rukungiri,Kahoko,1877.3,57,20.0,1.7,,,,,,,,,,240.0,
Nyamabare,Rukungiri,Murama,1903.7,50,30.0,5.75,110.0,,,,,,,,,350.0,
Nyabiterekyere,Rukungiri,Kacence,0.0,26,60.0,0.75,110.0,,,,,,,8.0,,60.0,
Nyabisoni,Rukungiri,Ngoma,1833.6,54,240.0,0.75,150.0,,,,,,,3.5,,60.0,100.0
Kagyeyo,Rukungiri,Kitugunda,0.0,58,60.0,2.0,230.0,,2.5,,60.0,,,17.0,,200.0,20.0
Kigoyi,Rukungiri,Kitugunda,1574.0,29,45.0,1.5,40.0,,,,,,,0.5,,25.0,80.0
Omukatooma,Rukungiri,Murama,1811.2,67,60.0,0.75,,,,,,,,,,15.0,
Rwangeru,Rukungiri,Kacence,0.0,48,30.0,2.75,,,,,,,,,,150.0,
Nyabisoni,Rukungiri,Kahoko,1875.3,52,30.0,4.5,,,,,,,,,,100.0,30.0
Rutooma,Rukungiri,Kahoko,0.0,36,60.0,0.5,,,,,,,,,,,
Kahara,Rukungiri,Kacence,1886.6,50,120.0,7.5,400.0,,,,,,,,,20.0,500.0
Numba,Rukungiri,Kacence,1784.9,46,20.0,0.75,50.0,,,,55.0,,,,,90.0,0.0
Kacence,Rukungiri,Ngoma,0.0,67,60.0,1.25,140.0,,,,,,,11.0,,200.0,100.0
Nyamabare,Rukungiri,Murama,0.0,38,60.0,3.875,130.0,,,,55.0,,,9.0,,60.0,80.0
Nyabiterekyere,Rukungiri,Kacence,0.0,25,60.0,1.25,250.0,,3.0,,90.0,,,9.5,,80.0,40.0
Kinisya,Rukungiri,Kacence,1777.0,54,6.0,0.592,125.0,,,,,,,,,,
Kagorogoro,Rukungiri,Murama,0.0,30,4.0,1.25,150.0,,,,,,,,,,
Runyinya,Rukungiri,Kitugunda,1722.2,60,30.0,3.75,120.0,,,,,,,,,158.0,
Nyamabare,Rukungiri,Murama,0.0,42,180.0,2.875,44.0,,,,18.0,,,12.0,,80.0,100.0
Kabingo,Rukungiri,Ngoma,826.4,43,60.0,2.0,37.0,,,,,,,2.0,,100.0,10.0
Kacence,Rukungiri,Kacence,1776.1,28,30.0,0.75,80.0,,,,,,,,,150.0,
Buhumuriro,Rukungiri,Kitugunda,0.0,32,80.0,1.25,,,,,,,,,,192.0,
Kibeho,Rukungiri,Kahoko,1808.7,52,10.0,2.5,195.0,,,,,,,,,150.0,
Kagyeyo,Rukungiri,Kitugunda,0.0,30,20.0,1.75,185.0,,2.5,,,,,12.0,,150.0,
Kanyabutaye,Rukungiri,Ngoma,1701.9,50,60.0,0.23,90.0,,,,,,,,,,
Burera,Rukungiri,Ngoma,0.0,28,15.0,1.875,65.0,,,,19.0,,,11.0,,300.0,
Kacence,Rukungiri,Ngoma,0.0,55,90.0,2.72,200.0,,,,,,,11.0,,250.0,600.0
Nyabisoni,Rukungiri,Ngoma,0.0,65,60.0,2.0,300.0,,,,400.0,,,,,500.0,
Kabaranga,Rukungiri,Murama,0.0,25,90.0,0.75,140.0,,4.5,,65.0,,,8.0,,150.0,
Kahara,Rukungiri,Kacence,1865.4,63,10.0,0.9,120.0,,,,,,,,,144.0,
Karukonjo,Rukungiri,Kahoko,1793.1,54,30.0,1.5,,,,,,,,,,450.0,0.0
Rushebeya,Rukungiri,Murama,0.0,72,60.0,1.75,105.0,,,,60.0,,,9.0,,250.0,
Nyarubare,Rukungiri,Murama,0.0,71,40.0,3.5,55.0,,,,,,,9.0,,200.0,200.0
Kabaranga,Rukungiri,Murama,0.0,29,120.0,0.75,180.0,,4.0,,85.0,,,9.0,,70.0,
Nyabiterekyere,Rukungiri,Kacence,0.0,53,90.0,3.75,110.0,,4.0,,25.0,,,10.0,,300.0,100.0
Ruhita,Rukungiri,Ngoma,1697.6,42,70.0,0.8,,,,,,,,,,180.0,100.0
Kitugunda,Rukungiri,Kitugunda,0.0,82,20.0,3.75,80.0,,,,,,,20.0,,400.0,
Kitugunda,Rukungiri,Kitugunda,0.0,85,60.0,1.5,80.0,,3.5,,,,,9.0,,70.0,200.0
Nyaruhanga,Rukungiri,Kahoko,1895.9,66,30.0,3.75,,,,,,,,,,52.0,200.0
Rurindo,Rukungiri,Ngoma,0.0,32,30.0,0.0,,,,,,,,,,,
Iterero,Rukungiri,Kacence,1868.6,30,20.0,0.75,,,,,,,,,,30.0,
Nyamabare,Rukungiri,Murama,0.0,48,40.0,1.75,420.0,,,,200.0,,,12.0,,200.0,800.0
Nyarubare,Rukungiri,Murama,0.0,57,90.0,1.75,130.0,,4.0,,,,,9.0,,200.0,
Kahama,Rukungiri,Murama,1816.3,36,15.0,1.0,,,,,,,,,,30.0,2.0
Nyarubare,Rukungiri,Murama,0.0,42,30.0,2.25,180.0,,5.0,,,,,13.0,,250.0,
Kitugunda,Rukungiri,Kitugunda,0.0,50,30.0,1.25,180.0,,0.75,,32.0,,,13.0,,700.0,25.0
Ruhita,Rukungiri,Ngoma,1613.0,58,120.0,1.8,180.0,,,,,,,2.0,,20.0,500.0
Kamuhozi,Rukungiri,Kahoko,1886.3,47,40.0,1.25,,,,,,,,,,170.0,
Nyakabale,Rukungiri,Kitugunda,1807.0,40,60.0,2.5,60.0,,,,,,,6.0,,80.0,400.0
Kacence,Rukungiri,Kacence,1721.9,41,10.0,2.475,285.0,,,,,,,,,150.0,
Burera,Rukungiri,Ngoma,0.0,82,30.0,1.875,,,,,,,,,,30.0,
Kigoyi,Rukungiri,Kitugunda,331.4,38,45.0,0.5,,,,,,,,,,60.0,80.0
Kahara,Rukungiri,Kacence,1884.7,76,10.0,1.3,,,,,,,,,,,
Rushebeya,Rukungiri,Murama,0.0,42,40.0,1.5,180.0,,,,60.0,,,20.0,,150.0,
Iterero,Rukungiri,Kacence,83.2,32,30.0,2.0,120.0,,,,,,,0.5,,50.0,
Mugina,Rukungiri,Murama,1700.4,72,10.0,2.75,190.0,,,,,,,,,70.0,
Kigarama,Rukungiri,Ngoma,1512.2,50,60.0,1.75,110.0,,,,,,,,,100.0,30.0
Kanyabutaye,Rukungiri,Ngoma,1683.7,42,5.0,3.98,,,,,,,,,,,
Kacence,Rukungiri,Ngoma,0.0,68,180.0,1.825,190.0,,,70.0,55.0,,,6.0,,200.0,20.0
Nyakabale,Rukungiri,Kitugunda,1785.2,79,60.0,2.8,,,,,,,,,,336.0,10.0
Mabindi,Rukungiri,Kacence,2001.5,33,60.0,0.99,,,,45.0,,,,,,336.0,10.0
Nyakisoroza,Rukungiri,Kacence,0.0,27,30.0,1.0,150.0,,,,,,,,30.0,0.0,
Nyamirama,Rukungiri,Kitugunda,1341.8,79,30.0,3.0,,,,,,,,,,25.0,5.0
Kagyeyo,Rukungiri,Kitugunda,0.0,35,60.0,1.0,230.0,,,,,,,25.0,,100.0,
Kiniogo,Rukungiri,Kacence,0.0,62,15.0,2.25,,,,,,,,,,90.0,
Nyamabare,Rukungiri,Murama,0.0,45,90.0,3.0,,,,,,,,,,30.0,20.0
Rwonyo,Rukungiri,Kacence,1672.1,34,30.0,0.75,,,,,,,,,,20.0,
Kabaranga,Rukungiri,Murama,0.0,51,60.0,2.5,100.0,,5.0,,,,,11.0,,500.0,1000.0
Kinisya,Rukungiri,Kacence,1714.2,38,3.0,0.0,,,,,,,,,,,
Kahama,Rukungiri,Murama,1760.2,37,10.0,1.0,,,,,,,,,,150.0,2.0
Kagorogoro,Rukungiri,Murama,0.0,32,5.0,1.75,,,,,,,,,,80.0,60.0
Kitebwe,Rukungiri,Kitugunda,0.0,40,140.0,2.5,,,,,,,,,,240.0,
Kacence,Rukungiri,Ngoma,0.0,44,60.0,3.5,230.0,6.0,10.0,,90.0,,135.0,19.0,,250.0,400.0
Nyarubare,Rukungiri,Murama,0.0,43,8.0,0.325,80.0,60.0,,,,,,2.0,,150.0,
Buhumuriro,Rukungiri,Kitugunda,0.0,35,160.0,1.5,,,,,,,,,,80.0,
Kigarama,Rukungiri,Ngoma,1701.7,58,160.0,0.9975,,,,,,,,,,60.0,
Kamuhozi,Rukungiri,Kahoko,0.0,41,60.0,0.875,120.0,,1.0,150.0,60.0,,,11.0,,100.0,100.0
Kagyeyo,Rukungiri,Kitugunda,0.0,62,10.0,0.825,70.0,,,,,,,,,70.0,
Nyakabale,Rukungiri,Kitugunda,1744.1,34,250.0,0.8,115.0,13.0,,,,,,,,150.0,3.0
Kahama,Rukungiri,Murama,1895.3,35,30.0,3.75,,,,,,,,,,25.0,
Kiniogo,Rukungiri,Kacence,0.0,40,2.0,2.0,,,,,,,,,,,
Nyarubare,Rukungiri,Murama,0.0,39,10.0,1.825,400.0,,,,108.0,,,1.5,,500.0,
Iterero,Rukungiri,Kacence,1840.0,34,20.0,0.25,55.0,,,,,,,,,30.0,0.0
Kinisya,Rukungiri,Kacence,1774.0,47,8.0,0.996,55.0,,,,,,,,,,
Burera,Rukungiri,Ngoma,0.0,44,15.0,3.875,180.0,,,,45.0,,,12.0,,300.0,100.0
Kababagi,Rukungiri,Kacence,0.0,80,60.0,1.5,,,,,,,,,,50.0,
Katungu,Rukungiri,Kahoko,1904.3,67,240.0,4.3,125.0,,,,,,,3.5,,800.0,10.0
Ndaragi,Rukungiri,Murama,0.0,28,120.0,0.5,,,,,,,,,,150.0,1000.0
Nyarubare,Rukungiri,Murama,0.0,50,60.0,4.5,280.0,,9.0,,90.0,,,13.0,,300.0,700.0
Buhumuriro,Rukungiri,Kitugunda,0.0,25,80.0,0.5,,,,250.0,,,,,,480.0,
Kyemengo,Mitooma,,1139.0,47,60.0,0.75,,,,,,,,,,,
Kashambya,Mitooma,,1151.0,24,15.0,0.0,,,,,,,,,,,
Muzinga,Mitooma,,1142.0,38,5.0,0.0,60.0,,,,,,,,,,
Rwemirama,Mitooma,,0.0,32,20.0,0.13,,,,,,,,,,4.0,
Kafunjo,Mitooma,,0.0,48,80.0,1.75,,,,,,,,,,,
Kyeshabo,Mitooma,,0.0,26,60.0,0.85,40.0,,,,,50.0,,,,,
Nyakashebeya,Mitooma,,1080.0,62,10.0,3.75,20.0,,,,,,,,40.0,,
Rubaya,Mitooma,,1128.0,23,40.0,0.25,,,,,,,,,,,
Bukiriro_2,Mitooma,,1132.0,24,30.0,0.0,,,,,,,,,,,
Kirama,Mitooma,,1101.0,60,15.0,2.79,,,,,,,,,,,
Kengyeya,Mitooma,,0.0,46,50.0,0.75,,,,,,,,,,,
Rubaya,Mitooma,,1109.0,25,40.0,0.25,,,,,,,,,,,20.0
Kyeshabo,Mitooma,,0.0,49,60.0,1.75,80.0,,,,,,,,,,
Kamabare,Mitooma,,0.0,24,60.0,0.25,,,,,,,,,,,60.0
Ndurumo_Rwoburunga,Mitooma,,1153.0,36,180.0,0.3,,,,,,,,,,,
Rushoroza,Mitooma,,1172.0,42,30.0,0.75,,,,,,,,,,,
Rushoroza,Mitooma,,1170.0,48,0.3,0.72,,,,,,,,,,,
Kyabukama,Mitooma,,1611.0,54,30.0,0.0,30.0,,0.5,,,,,3.0,,,
Kagati_Kiyanga,Mitooma,,0.0,24,60.0,0.25,,,,,,,,,,,
Kibishamwika,Mitooma,,1255.0,82,40.0,2.9,43.0,,,,,,,,,,
Kisiizi_1,Mitooma,,1125.0,24,10.0,0.325,,,,,,,,,,,
Nyanga,Mitooma,,2.0,49,20.0,0.25,,,,,,,,,,0.0,
Orujeebe,Mitooma,,1663.0,40,50.0,0.67,40.0,,,,,,,,,0.0,
Ndurumo_Rwoburunga,Mitooma,,1168.0,30,10.0,0.3,110.0,,,,,,,,,,
Kakyeza,Mitooma,,1696.0,80,60.0,0.25,,,,,,,,,,30.0,1.0
Kisiizi_2,Mitooma,,0.0,35,80.0,1.25,,,,,,,,,,,
Nyakashebeya,Mitooma,,1070.0,52,10.0,1.0,,,,,,,,,,,
Kengyeya,Mitooma,,0.0,53,50.0,2.75,,,,,,,,,,,
Rubaya,Mitooma,,0.0,45,30.0,1.0,100.0,,,,,,,,,0.0,
Kyeshabo,Mitooma,,0.0,32,180.0,0.0,90.0,,,,,,,,,,
Kisiizi_1,Mitooma,,1149.0,80,60.0,0.075,,,,,,,,,,,30.0
Nyakashebeya,Mitooma,,1107.0,47,20.0,0.9975,,,,,,,,,,,
Karokarungi,Mitooma,,1133.0,56,35.0,2.28,,,,,,,,,,0.0,
Ruzonga,Mitooma,,1121.0,40,30.0,0.8,70.0,,,,,,,,,,70.0
Kairabwa,Mitooma,,1167.0,60,40.0,0.25,,,,,,,,,,,
Kyemengo,Mitooma,,1148.0,63,30.0,1.8,,,,,,,,,,,
Kyeshabo,Mitooma,,0.0,26,15.0,0.35,,,,,,,,,,,40.0
Karokarungi,Mitooma,,0.0,66,20.0,0.88,,,,,,,,,,,
Karokarungi,Mitooma,,0.0,28,60.0,0.38,,,,,,,,,,,
Karokarungi,Mitooma,,1136.0,32,45.0,0.29,,,0.0,,,,,,,,
Ruzonga,Mitooma,,1123.0,80,30.0,7.95,55.0,,5.0,,,,,,,,
Nyabubaare,Mitooma,,1116.0,60,60.0,0.75,,,,,,,,,,,
Kisiizi_2,Mitooma,,1155.0,24,30.0,0.25,,,,,,,,,,,1.0
Kyabukama,Mitooma,,1618.0,70,20.0,0.0,43.0,,,,,,,,,,
Rutoobo,Mitooma,,1164.0,52,20.0,0.3,65.0,,,,,,,2.0,,,
Kairabwa,Mitooma,,0.0,35,20.0,0.25,65.0,,,,,,,2.0,,0.0,
Ndurumo_Rwoburunga,Mitooma,,1185.0,64,30.0,0.75,30.0,,0.5,,,,,3.0,,100.0,
Nyanga,Mitooma,,1162.0,26,40.0,0.25,,,,,,,,,,15.0,1.0
Ndurumo_Rwoburunga,Mitooma,,1156.0,28,10.0,0.0,,,,,,,,,,,
Ndurumo_Rwoburunga,Mitooma,,1161.0,36,30.0,0.75,35.0,,,,,,,,,40.0,60.0
Kafunjo,Mitooma,,0.0,50,40.0,1.75,47.0,,,,,,,,,,
Ruzonga,Mitooma,,1115.0,35,60.0,0.25,,,,,,,,,,,
Rubaya,Mitooma,,0.0,40,60.0,0.25,,,,,,,,,,,
Bukiriro_1,Mitooma,,1106.0,33,15.0,0.5,60.0,,,,,,,,,20.0,
Karokarungi,Mitooma,,1130.0,30,45.0,0.58,,,0.0,,,,,,,0.0,
Rwemirama,Mitooma,,0.0,40,40.0,1.88,,,,,,80.0,,,,,
Nyakashebeya,Mitooma,,1116.0,27,40.0,2.75,95.0,,,,,,,,,,
Kagati_Kiyanga,Mitooma,,0.0,43,60.0,0.75,62.0,,,,,,,,,,
Kisiizi_2,Mitooma,,0.0,44,60.0,0.75,,,,,,,,2.0,,,50.0
Nyakashebeya,Mitooma,,1110.0,26,20.0,1.75,40.0,,,,,,,,40.0,,
Karukare,Mitooma,,1677.0,56,120.0,0.75,40.0,,,,,,,,,40.0,150.0
Rutoobo,Mitooma,,1162.0,42,180.0,0.38,,,,,,,,,,,
Kirama,Mitooma,,1139.0,36,20.0,0.0,,,,,,,,,,,
Ruzonga,Mitooma,,1127.0,67,120.0,0.25,,,,,,,,,,,
Rwoburunga,Mitooma,,1219.0,45,30.0,0.25,,,,,,,,,,30.0,
Kengyeya,Mitooma,,0.0,50,60.0,1.75,,,,,,,,,,,
Kibishamwika,Mitooma,,1275.0,30,60.0,0.3,,,,,,,,,,50.0,50.0
Karokarungi,Mitooma,,0.0,38,20.0,2.88,,,,,,,,,,,
Kakyeza,Mitooma,,1694.0,55,30.0,0.25,,,,,,,,,,40.0,1.0
Karokarungi,Mitooma,,0.0,54,60.0,0.88,20.0,,,,,,,,40.0,,
Nyabubaare,Mitooma,,0.0,23,40.0,0.15,85.0,,,,,,,,,,
Kyeshabo,Mitooma,,0.0,75,60.0,0.25,60.0,,,,,,,,,6.0,
Kakyeza,Mitooma,,1165.0,33,60.0,0.25,25.0,,,,,,,1.5,,0.0,
Muzinga,Mitooma,,1142.0,56,120.0,1.8,,,2.0,,,,,2.0,,,
Kisiizi_1,Mitooma,,1145.0,38,45.0,0.575,,,,,,,,2.0,,,100.0
Rubaya,Mitooma,,0.0,58,20.0,2.0,105.0,,,,,,,,,0.0,0.0
Kamabare,Mitooma,,1120.0,32,180.0,0.25,,,,,,,,2.5,,,10.0
Orujeebe,Mitooma,,1622.0,72,60.0,1.45,,,,,,,,,,0.0,
Nyabubaare,Mitooma,,0.0,34,180.0,0.1,,,,,,,,,,15.0,15.0
Kisiizi_2,Mitooma,,0.0,42,60.0,0.25,,,,,,,,,,,
Nyanga,Mitooma,,1161.0,43,40.0,0.75,110.0,,,,,,,,,,2.0
Kisiizi_1,Mitooma,,1153.0,50,20.0,1.25,,,,,,,,,,,1.0
Kakimba,Mitooma,,1145.0,43,30.0,0.35,,,,,,,,,,,40.0
Nyakashebeya,Mitooma,,970.0,45,5.0,0.0,,,,,,,,,,,
Kibishamwika,Mitooma,,1249.0,22,120.0,0.3,95.0,,,,,,,,,35.0,
Kisiizi_2,Mitooma,,1233.0,65,60.0,0.5,,,,,,,,,,,
Orujeebe,Mitooma,,1616.0,40,60.0,1.97,,,,,,,,,,0.0,0.0
Karokarungi,Mitooma,,1144.0,35,30.0,0.68,,,0.0,,,,,,,,
Kairabwa,Mitooma,,1183.0,32,50.0,0.25,,,,,,,,,,20.0,1.0
Rwoburunga,Mitooma,,1223.0,80,25.0,0.5,35.0,,5.0,,,,,3.0,,25.0,
Rutoobo,Mitooma,,1123.0,47,90.0,0.3,,,,,,,,,,,30.0
Kakyeza,Mitooma,,1165.0,45,20.0,0.25,40.0,,,,,,,8.0,,0.0,0.0
Kashambya,Mitooma,,1155.0,37,60.0,0.9,80.0,,,,,,,,,,
Nyamisheshe,Mitooma,,1587.0,25,15.0,0.0,,,,,,,,,,,
Kafunjo,Mitooma,,0.0,40,30.0,0.25,45.0,,,,,,,,,,80.0
Orujeebe,Mitooma,,0.0,68,60.0,0.63,110.0,,,,,,,,,,
Ndurumo_Rwoburunga,Mitooma,,1150.0,51,180.0,0.3,90.0,,,,,,,,,,
Kyabukama,Mitooma,,1607.0,54,30.0,1.75,40.0,,,,,59.0,,2.0,,,
Rwoburunga,Mitooma,,1196.0,22,60.0,0.0,,,,,,,,,,,
Kyeshabo,Mitooma,,0.0,27,80.0,0.5,,,,,,,,,,,
Muzinga,Mitooma,,1149.0,51,120.0,0.0,,,,,,,,,,50.0,
Kyabukama,Mitooma,,1610.0,34,30.0,1.3,,,5.0,,,,,9.0,,,
Rutoobo,Mitooma,,1116.0,40,120.0,0.75,,,,,,,,,,,
Nyanga,Mitooma,,2.0,64,60.0,0.6,,,,,,,,,,,0.0
Rutoobo,Mitooma,,1136.0,79,30.0,0.75,105.0,,,,,,,,,,
Ndurumo_Rwoburunga,Mitooma,,1150.0,30,25.0,0.75,95.0,,,,,,,,,50.0,
Bukiriro_2,Mitooma,,1123.0,20,20.0,0.4975,,,,,,,,,,,128.0
Rushoroza,Mitooma,,1109.0,57,60.0,0.9975,112.0,,,,,,,,,,
Kirama,Mitooma,,1124.0,75,20.0,1.78,,,,,,,,,,,
Kengyeya,Mitooma,,0.0,38,30.0,0.025,,,,,,,,,,,
Nyakagongo,Mitooma,,0.0,37,70.0,0.75,50.0,,,,,,,3.0,,35.0,200.0
Orujeebe,Mitooma,,0.0,36,20.0,1.05,,,,,,,,,,,
Kengyeya,Mitooma,,0.0,50,40.0,1.75,,,,,,,,,,,
Karokarungi,Mitooma,,0.0,66,60.0,6.75,140.0,,,,,,,,,,
Bukiriro_1,Mitooma,,1259.0,80,35.0,3.75,90.0,,,,,,,,,60.0,
Kyeshabo,Mitooma,,0.0,70,80.0,0.75,,,,,,,,,,,
Bukiriro_2,Mitooma,,1132.0,27,15.0,0.125,,,,,,,,4.0,,15.0,20.0
Kagati_Kiyanga,Mitooma,,0.0,36,45.0,0.25,,,,,,,,,,,
Kamabare,Mitooma,,0.0,72,60.0,0.75,,,,,,,,,,,250.0
Rwemirama,Mitooma,,0.0,44,60.0,0.45,,,,,,,,,,,
Kengyeya,Mitooma,,0.0,43,60.0,0.75,,,3.0,,,,,,,0.0,
Kagati_Kiyanga,Mitooma,,0.0,26,30.0,0.0,,,,,,,,,,,100.0
Kakimba,Mitooma,,1233.0,60,15.0,0.35,34.0,,,,,,,,,,30.0
Karukare,Mitooma,,1684.0,31,30.0,0.25,140.0,,,,,,,,,40.0,
Rugando_Rwanja,Mitooma,,1165.0,40,60.0,0.25,80.0,,,,,,,,,,
Ndurumo_Rwoburunga,Mitooma,,1175.0,42,30.0,0.75,110.0,,,,,,,,,,
Kanganga,Mitooma,,0.0,85,60.0,0.75,26.0,,,,,,,,,40.0,40.0
Karokarungi,Mitooma,,1157.0,28,45.0,0.0,,,,,,,,,,,
Kamabare,Mitooma,,1129.0,27,90.0,0.75,35.0,,,,,,,,,30.0,
Kagati_Kiyanga,Mitooma,,0.0,26,60.0,0.25,115.0,,,,,70.0,,,,,
Kengyeya,Mitooma,,0.0,21,30.0,0.25,,,,,,,,,,,
Orujeebe,Mitooma,,0.0,38,80.0,0.1,,,,,,,,,,,
Kyemengo,Mitooma,,1151.0,80,30.0,0.25,,,,,,,,,,,
Ndurumo_Rwoburunga,Mitooma,,1167.0,43,30.0,0.25,90.0,,,,,,,,,50.0,
Nyakagongo,Mitooma,,1288.0,23,40.0,0.075,14.0,,,,,,,0.5,,15.0,15.0
Kakimba,Mitooma,,1233.0,22,60.0,0.3,,,,,,,,,,,
Kisiizi_2,Mitooma,,0.0,49,35.0,1.0,95.0,,,,,,,,55.0,,
Kyemengo,Mitooma,,1157.0,19,5.0,0.3,70.0,,,,,,,,,,
Kengyeya,Mitooma,,0.0,37,50.0,1.75,,,,,,,,,,,
Bukiriro_2,Mitooma,,1146.0,42,10.0,1.75,,,,,,,,,,40.0,2.0
Kamabare,Mitooma,,0.0,38,60.0,0.278,40.0,,,,,50.0,,,,50.0,20.0
Kakimba,Mitooma,,1212.0,89,40.0,1.375,,,,,,,,,,,100.0
Kyabukama,Mitooma,,1573.0,62,180.0,0.25,100.0,,2.0,,,,,2.0,,,
Kakyeza,Mitooma,,1668.0,39,60.0,0.25,50.0,,,,,,,,,35.0,
Rwoburunga,Mitooma,,1239.0,43,140.0,0.75,55.0,,,,,,,2.0,,55.0,
Kashambya,Mitooma,,1134.0,62,120.0,0.8,70.0,,,,,,,2.0,,55.0,50.0
Rwoburunga,Mitooma,,1216.0,37,25.0,0.75,30.0,,,,,,,5.0,105.0,,80.0
Kamabare,Mitooma,,1127.0,40,30.0,0.25,140.0,,,,,,,,,20.0,50.0
Nyabubaare,Mitooma,,1090.0,34,120.0,0.4,40.0,,,,,,,,,,
Nyaruzinga,Mitooma,,1669.0,70,45.0,2.975,,,,,,,,,,79.0,
Nyanga,Mitooma,,2.0,53,60.0,0.5,,,2.0,,,,,,105.0,0.0,
Rubaya,Mitooma,,0.0,60,60.0,1.75,35.0,,5.0,,,,,3.0,,0.0,
Nyarwanya_Rwanja,Mitooma,,1611.0,38,25.0,0.0,130.0,,,,,,,,,,
Kisiizi_2,Mitooma,,1160.0,55,40.0,0.25,90.0,,,,,,,,,30.0,1.0
Nyabubaare,Mitooma,,0.0,35,60.0,0.15,5.5,,,,,,,,,,
Rubaya,Mitooma,,1122.0,49,30.0,0.25,,,,,,,,,60.0,,2.0
Ruzonga,Mitooma,,1123.0,28,30.0,1.3,,,,,,,,,,,
Kisiizi_1,Mitooma,,0.0,24,60.0,0.5,35.0,,1.5,,,,,4.0,,10.0,50.0
Bukiriro_1,Mitooma,,1103.0,61,60.0,0.75,,,,,,,,,,56.0,1.0
Rwemirama,Mitooma,,0.0,23,30.0,0.5,,,,,,,,,,,
Kyemengo,Mitooma,,1151.0,24,15.0,0.5,,,,,,,,,,,
Kisiizi_2,Mitooma,,1159.0,53,30.0,0.25,45.0,,,,,,,,,,100.0
Kairabwa,Mitooma,,0.0,38,75.0,0.25,85.0,,,,,,,,,,
Muzinga,Mitooma,,1153.0,60,20.0,0.9,32.0,,,,,,,,,50.0,20.0
Kengyeya,Mitooma,,0.0,88,30.0,2.75,,,5.0,,,,,9.0,,,
Bukiriro_1,Mitooma,,1143.0,20,30.0,0.25,110.0,,3.0,,,,,7.0,,0.0,
Rwoburunga,Mitooma,,1217.0,43,30.0,4.75,110.0,,,,,,,,,60.0,
Karokarungi,Mitooma,,1142.0,40,40.0,2.78,,,,,,,,,,,
Rushoroza,Mitooma,,1161.0,78,30.0,0.75,,,,,,,,,,,
Kyabukama,Mitooma,,1627.0,84,90.0,2.8,,,,,,,,,,,
Kirama,Mitooma,,0.0,55,80.0,1.79,,,,,,,,,,,
Rubaya,Mitooma,,1108.0,23,30.0,0.25,,,,,,,,,,,2.0
Kamabare,Mitooma,,0.0,40,60.0,0.75,,,,,,,,,,,
Kyemengo,Mitooma,,1156.0,38,120.0,0.8,,,,,,,,,,,
Kibishamwika,Mitooma,,1244.0,24,120.0,0.3,,,2.0,,,,,2.0,,50.0,50.0
Nyarwanya_Rwanja,Mitooma,,1651.0,39,30.0,1.25,100.0,,,,,,,,,70.0,
Nyaruzinga,Mitooma,,1680.0,30,70.0,1.4975,95.0,,,,,,,,55.0,36.0,
Nyarwanya_Rwanja,Mitooma,,1628.0,57,45.0,0.75,,,,,,,,,,30.0,
Rutoobo,Mitooma,,1139.0,50,30.0,2.75,60.0,,,,,,,4.0,,,
Kagati_Kiyanga,Mitooma,,0.0,32,60.0,0.25,,,,120.0,,,,,,20.0,50.0
Nyaruzinga,Mitooma,,1696.0,60,30.0,0.75,110.0,,,,,,,,,50.0,
Kairabwa,Mitooma,,0.0,52,60.0,0.75,100.0,,2.0,,,,,2.0,,,
Kagati_Kiyanga,Mitooma,,0.0,38,60.0,0.25,,,,,,,,,,40.0,
Kyabukama,Mitooma,,1571.0,25,30.0,0.3,62.0,,,,,,,,,,
Rugando_Rwanja,Mitooma,,1165.0,70,120.0,0.75,46.0,,,,,,,,,,
Bukiriro_1,Mitooma,,1111.0,60,60.0,0.75,45.0,,,,,,,4.0,68.0,50.0,
Kakimba,Mitooma,,1142.0,64,15.0,2.8,,,,,,,,,,30.0,120.0
Rushoroza,Mitooma,,1187.0,49,50.0,1.75,,,,,,,,,,,
Ruzonga,Mitooma,,1123.0,73,20.0,1.8,,,,,,,,,,,
Kyeshabo,Mitooma,,0.0,25,120.0,1.35,,,,,,,,,,60.0,0.0
Bukiriro_2,Mitooma,,1127.0,62,20.0,2.975,,,,,,,,,,,150.0
Nyabubaare,Mitooma,,1099.0,21,60.0,0.5,,,,,,,,,,,
Nyanga,Mitooma,,2.0,66,20.0,0.75,145.0,,4.0,,,,,10.0,,0.0,
Ndurumo_Rwoburunga,Mitooma,,1157.0,40,35.0,0.0,75.0,,,,,,,,,,
Nyakagongo,Mitooma,,1276.0,34,20.0,0.825,55.0,,,,,,,2.0,,40.0,10.0
Nyaruzinga,Mitooma,,1664.0,48,30.0,0.275,70.0,,,,,,,,,40.0,
Kyeshabo,Mitooma,,0.0,28,60.0,1.95,,,,,,,,,,,150.0
Kisiizi_1,Mitooma,,0.0,42,180.0,0.25,,,,,,,,,,,50.0
Nyaruzinga,Mitooma,,1673.0,52,75.0,1.4975,,,,,,,,,,70.0,
Muzinga,Mitooma,,1159.0,80,120.0,1.8,60.0,,,,,,,,,,
Kirama,Mitooma,,1134.0,38,30.0,0.28,,,,,,,,,,,
Kibishamwika,Mitooma,,1301.0,70,50.0,2.9,50.0,,,,,,,5.0,,,100.0
Rutoobo,Mitooma,,1114.0,50,4.0,1.75,,,,,,,,,,,
Nyabyondo_Rwoburunga,Mitooma,,1293.0,41,60.0,0.65,,,,,,,,,,,
Rushoroza,Mitooma,,1171.0,60,30.0,4.75,150.0,,,,,,,,,,
Rwemirama,Mitooma,,0.0,41,60.0,0.38,,,,,,,,,,72.0,
Rwongora,Mitooma,,1599.0,42,120.0,0.7,100.0,,2.0,,,,,2.0,,,0.0
Nyabubaare,Mitooma,,0.0,38,60.0,0.4,140.0,,,100.0,,,,,,,
Kengyeya,Mitooma,,0.0,67,30.0,0.0,,,,,,,,,,,
Kamabare,Mitooma,,0.0,25,60.0,0.25,35.0,,,,,,,,,30.0,50.0
Nyabubaare,Mitooma,,0.0,30,60.0,0.6,,,,,,,,,20.0,,70.0
Kagati_Kiyanga,Mitooma,,0.0,43,60.0,0.25,,,,,,,,,,0.0,10.0
Kafunjo,Mitooma,,0.0,29,50.0,0.28,30.0,,,,,,,,,,
Rwoburunga,Mitooma,,1214.0,25,30.0,0.5,,,,,,,,,,0.0,
Kisiizi_2,Mitooma,,1153.0,45,30.0,0.75,,,4.0,,,,,,,,
Rwongora,Mitooma,,1567.0,45,120.0,0.2,100.0,,,,,,,11.0,62.0,50.0,
Kakyeza,Mitooma,,1165.0,36,60.0,0.25,50.0,,,,75.0,64.0,,3.0,,0.0,0.0
Bukiriro_2,Mitooma,,1170.0,64,50.0,0.475,,,,,,,,,,,
Rutoobo,Mitooma,,1157.0,21,60.0,0.0,,,,,,,,,,,
Rushoroza,Mitooma,,1202.0,36,10.0,0.49975,30.0,,,,,,,5.0,105.0,,
Kamabare,Mitooma,,1121.0,30,120.0,0.25,110.0,,,,,,,,,40.0,40.0
Orujeebe,Mitooma,,1667.0,70,30.0,0.15,,,,,,,,,,,
Kyemengo,Mitooma,,1170.0,30,120.0,0.25,,,,,,,,,,,
Rushoroza,Mitooma,,1083.0,24,30.0,0.0,65.0,,,,,120.0,,,,,
Ndurumo_Rwoburunga,Mitooma,,1168.0,61,120.0,0.05,65.0,,,,,120.0,,,,,
Kibishamwika,Mitooma,,1236.0,90,120.0,0.3,,,,,,,,,,50.0,
Ruzonga,Mitooma,,1146.0,45,120.0,0.05,90.0,,,,,,,,,,
Rwemirama,Mitooma,,0.0,51,60.0,0.2,62.0,,,,,,,,,120.0,
Kagati_Kiyanga,Mitooma,,0.0,56,60.0,0.25,,,,,,,,,,30.0,100.0
Nyakashebeya,Mitooma,,1102.0,23,30.0,0.0,100.0,,,,,,,,,,
Rugando_Rwanja,Mitooma,,1557.0,52,60.0,0.75,,,,,,,,,,60.0,
Orujeebe,Mitooma,,0.0,45,20.0,0.6,,,,,,,,,,,
Kafunjo,Mitooma,,0.0,38,30.0,2.75,,,,,,,,,,,150.0
Kanganga,Mitooma,,1623.0,75,20.0,0.825,90.0,,,,,,,7.0,,,
Kafunjo,Mitooma,,0.0,46,70.0,1.78,80.0,20.75,,,,,,3.0,,,
Nyarwanya_Rwanja,Mitooma,,1627.0,41,60.0,0.75,140.0,,,,,,,,,50.0,
Ndurumo_Rwoburunga,Mitooma,,1169.0,60,15.0,5.75,,,,,,,,,,40.0,10.0
Rushoroza,Mitooma,,1199.0,40,60.0,0.0,,,,,,,,,,,
Ndurumo_Rwoburunga,Mitooma,,1176.0,50,35.0,1.25,43.0,,,,,,,,,70.0,50.0
Kisiizi_1,Mitooma,,1151.0,56,15.0,0.75,45.0,,,,,,,,,15.0,50.0
Kairabwa,Mitooma,,0.0,50,60.0,0.95,,,,,,,,,,0.0,0.0
Bukiriro_1,Mitooma,,1116.0,48,10.0,2.75,,,,,,,,,,65.0,80.0
Kairabwa,Mitooma,,1187.0,48,50.0,0.75,,,,,,,,,,55.0,
Ruzonga,Mitooma,,1116.0,43,60.0,1.25,85.0,,,,,,,,,,
Kakimba,Mitooma,,1233.0,36,30.0,0.35,,,,,,,,,,,100.0
Nyanga,Mitooma,,1158.0,34,40.0,0.25,,,,,,,,,,40.0,2.0
Orujeebe,Mitooma,,0.0,24,30.0,0.55,,,,,,,,,,,
Rutoobo,Mitooma,,1153.0,20,30.0,0.3,,,,,,,,,,,
Orujeebe,Mitooma,,0.0,51,60.0,0.8,,,,,,,,,,,
Rushoroza,Mitooma,,1212.0,29,40.0,0.25,95.0,,,,,,,,,,
Kyemengo,Mitooma,,1148.0,30,60.0,1.3,,,,,,,,,,,
Ruzonga,Mitooma,,1154.0,34,30.0,0.75,,,,,,,,,,,
Kisiizi_1,Mitooma,,0.0,26,60.0,1.25,55.0,,3.0,,,,,6.0,,,15.0
Kisiizi_1,Mitooma,,0.0,33,90.0,1.25,35.0,,1.5,,,,,,,,400.0
Kairabwa,Mitooma,,0.0,46,60.0,1.5,55.0,,,,,,,3.0,,0.0,
Rugando_Rwanja,Mitooma,,1623.0,42,30.0,0.85,,,,,,,,,,,
Bukiriro_2,Mitooma,,1142.0,60,20.0,0.75,35.0,,,,,,,,,,210.0
Ruzonga,Mitooma,,1127.0,37,60.0,0.75,,,,,,,,,,20.0,
Bukiriro_2,Mitooma,,1138.0,68,20.0,0.5,35.0,,,,,,,,,,100.0
Nyakashebeya,Mitooma,,1036.0,37,30.0,2.75,130.0,,,,,,,3.0,,,
Rwoburunga,Mitooma,,1209.0,23,40.0,0.25,,,,,,,,,,20.0,
Kyabukama,Mitooma,,1566.0,50,60.0,1.0,135.0,,6.0,,,,,7.0,65.0,,
Nyakagongo,Mitooma,,0.0,85,60.0,0.75,100.0,,4.0,,,,,7.0,,35.0,200.0
Kanganga,Mitooma,,0.0,80,30.0,1.25,70.0,,2.5,,,,,8.0,,,
Kafunjo,Mitooma,,0.0,57,50.0,0.25,,,,,,,,,,30.0,150.0
Nyarwanya_Rwanja,Mitooma,,1627.0,31,25.0,0.35,,,,,,,,,,,
Orujeebe,Mitooma,,1641.0,28,40.0,0.0,90.0,,,,,,,,,,0.0
Kamabare,Mitooma,,1121.0,32,60.0,0.75,80.0,,,,,,,4.0,,50.0,150.0
Nyanga,Mitooma,,2.0,40,60.0,0.5,,,,,,,,,,,
Kirama,Mitooma,,0.0,60,60.0,0.6,120.0,,,,,,,,,,
Rwongora,Mitooma,,1604.0,67,60.0,3.9,140.0,20.0,,,,,,,,15.0,50.0
Kashambya,Mitooma,,1143.0,75,30.0,1.9,,,,,,,,,,,
Kyeshabo,Mitooma,,0.0,27,30.0,0.0,45.0,,,,,,,,,,
Kirama,Mitooma,,0.0,70,40.0,4.75,75.0,,,,,110.0,,,,50.0,
Kyemengo,Mitooma,,1140.0,26,30.0,0.0,165.0,,,,,,,,,,
Kamabare,Mitooma,,1127.0,34,120.0,0.75,110.0,,,,,,,,,40.0,
Rwoburunga,Mitooma,,1158.0,22,20.0,0.75,,,,,,,,,,30.0,45.0
Rwakutaka,Mitooma,,1578.0,38,60.0,1.9,,,,,,,,,,50.0,
Rutoobo,Mitooma,,1157.0,55,30.0,3.0,60.0,,,,,,,,,,120.0
Bukiriro_1,Mitooma,,1128.0,32,30.0,1.25,,,,,,,,,,15.0,2.0
Nyanga,Mitooma,,2.0,34,20.0,0.75,47.0,,,,,,,,,0.0,0.0
Kirama,Mitooma,,0.0,35,60.0,0.83,100.0,,,,,,,5.0,,,
Nyanga,Mitooma,,1156.0,90,40.0,0.75,,,,,,,,,,25.0,2.0
Rwoburunga,Mitooma,,1157.0,80,20.0,9.75,95.0,,,,,,,,,45.0,
Bukiriro_1,Mitooma,,1130.0,25,30.0,0.25,,,,,,,,,,0.0,
Bukiriro_2,Mitooma,,1145.0,55,40.0,0.25,60.0,,,,,,,,,55.0,50.0
Nyabyondo_Rwoburunga,Mitooma,,1257.0,52,10.0,0.15,,,,,,,,,,40.0,15.0
Nyamisheshe,Mitooma,,1634.0,38,60.0,0.075,150.0,,,,,,,3.0,,3.0,40.0
Ndurumo_Rwoburunga,Mitooma,,1164.0,54,30.0,4.75,100.0,,,,,,,,,60.0,
Nyakashebeya,Mitooma,,1099.0,42,30.0,5.25,,,,,,,,,,,150.0
Nyabubaare,Mitooma,,1084.0,22,60.0,0.75,,,,,,,,,,,
Kashambya,Mitooma,,1145.0,46,120.0,0.8,,,,,,,,,,,
Rutoobo,Mitooma,,1130.0,41,120.0,1.75,130.0,,,,,,,,,,
Rwongora,Mitooma,,1569.0,50,120.0,0.8,60.0,,,,,,,,,50.0,50.0
Kakyeza,Mitooma,,1604.0,58,60.0,0.75,,,,,,,,,,70.0,2.0
Ndurumo_Rwoburunga,Mitooma,,1173.0,44,30.0,0.75,,,,,,,,,,75.0,80.0
Rugando_Rwanja,Mitooma,,1610.0,33,60.0,0.65,45.0,,,,,,,1.0,,30.0,
Ndurumo_Rwoburunga,Mitooma,,1170.0,27,15.0,0.25,,,,,,,,,,36.0,2.0
Ruzonga,Mitooma,,1123.0,42,2.0,0.8,70.0,,,,,,,,,30.0,
Rwoburunga,Mitooma,,1184.0,67,30.0,1.75,,,,,,,,,,30.0,
Nyaruzinga,Mitooma,,1693.0,52,30.0,0.75,35.0,,,,,,,,,50.0,40.0
Kakyeza,Mitooma,,1165.0,40,60.0,0.75,13.0,,2.0,,,,,1.0,17.0,0.0,
Muzinga,Mitooma,,1162.0,29,40.0,1.9,35.0,,,,,,,,,150.0,40.0
Kafunjo,Mitooma,,0.0,26,60.0,2.75,,,,,,,,,,,70.0
Rwongora,Mitooma,,1660.0,40,15.0,0.4,,,,,,,,,,100.0,
Kyemengo,Mitooma,,1152.0,47,90.0,1.75,,,,,,,,,,,
Kafunjo,Mitooma,,0.0,35,45.0,1.75,,,,,,,,,,,200.0
Rwoburunga,Mitooma,,1224.0,48,30.0,0.25,,,,,,,,,,35.0,1.0
Kairabwa,Mitooma,,1176.0,24,20.0,0.25,,,,,,,,,,50.0,1.0
Kakimba,Mitooma,,1096.0,76,60.0,0.875,,,,,,,,,,30.0,60.0
Kirama,Mitooma,,1146.0,25,30.0,0.97,,,,,,,,,,0.0,
Karokarungi,Mitooma,,0.0,31,60.0,0.85,,,,,,,,,,,
Kibishamwika,Mitooma,,1250.0,30,120.0,2.8,220.0,,2.0,,,,,2.5,,,
Nyakagongo,Mitooma,,1276.0,58,45.0,0.65,80.0,20.75,,,,,,3.0,,15.0,80.0
Kashambya,Mitooma,,1154.0,41,10.0,1.5,,,,,,,,,,,60.0
Nyabubaare,Mitooma,,0.0,23,60.0,1.8,,,,,,,,,,,
Kibishamwika,Mitooma,,1256.0,53,120.0,0.8,180.0,,2.0,,,,,2.5,,30.0,100.0
Ndurumo_Rwoburunga,Mitooma,,1170.0,42,15.0,0.25,,,,,,,,,,100.0,50.0
Kirama,Mitooma,,1104.0,36,15.0,0.0,62.0,,,,35.0,,,,,,120.0
Nyarwanya_Rwanja,Mitooma,,1642.0,43,30.0,9.75,60.0,,,,,,,,,,
Bukiriro_1,Mitooma,,1121.0,30,30.0,1.75,,,,,,,,,,60.0,2.0
Rwakutaka,Mitooma,,1562.0,34,15.0,0.9,,,,,,,,0.9,,,
Kanganga,Mitooma,,0.0,35,30.0,0.75,48.0,,2.5,,,,,4.0,,160.0,60.0
Nyamisheshe,Mitooma,,0.0,48,40.0,1.25,145.0,,4.0,,,,,10.0,,50.0,50.0
Rwongora,Mitooma,,1630.0,40,120.0,0.3,180.0,,,,,,,2.0,,55.0,50.0
Nyamisheshe,Mitooma,,0.0,64,60.0,0.25,,,,,,,,,,,
Kyeshabo,Mitooma,,0.0,39,15.0,1.85,40.0,,,,,85.0,,3.0,,48.0,
Nyabyondo_Rwoburunga,Mitooma,,1368.0,60,15.0,0.4375,,,,,,,,,,50.0,
Rwongora,Mitooma,,1573.0,66,20.0,1.9,,,,,,,,,,120.0,
Bukiriro_1,Mitooma,,1118.0,49,60.0,1.75,160.0,,,,,,,,,55.0,
Kakimba,Mitooma,,1095.0,45,15.0,0.4375,,,,,,,,,,,10.0
Kamabare,Mitooma,,0.0,25,30.0,0.75,60.0,,,,,,,,,,100.0
Karukare,Mitooma,,0.0,35,60.0,0.25,140.0,,,,,,,,,,
Nyarwanya_Rwanja,Mitooma,,1645.0,80,15.0,1.25,,,,,,,,,,,90.0
Rwakutaka,Mitooma,,1585.0,35,10.0,0.65,55.0,,5.0,,,,,,,110.0,
Kashambya,Mitooma,,1140.0,94,120.0,2.8,110.0,,20.0,,,,,,,,
Nyakagongo,Mitooma,,0.0,58,80.0,0.25,110.0,,3.0,,,,,7.0,,30.0,60.0
Muzinga,Mitooma,,1157.0,33,120.0,2.8,,,4.0,,,,,3.5,,25.0,200.0
Nyakagongo,Mitooma,,0.0,43,120.0,1.75,135.0,,6.0,,,,,7.0,65.0,,
Kisiizi_2,Mitooma,,1142.0,34,60.0,0.75,85.0,,,,,,,,,,
Ruzonga,Mitooma,,1132.0,34,40.0,1.75,,,,,,,,,,,
Nyakagongo,Mitooma,,1280.0,35,60.0,0.325,,,,,,,,,,50.0,120.0
Nyanga,Mitooma,,1153.0,44,30.0,0.75,,,,,,,,,,,5.0
Kengyeya,Mitooma,,0.0,76,60.0,1.75,310.0,,,,,,,3.0,,,
Kyabukama,Mitooma,,1623.0,30,10.0,0.8,310.0,,,,,,,3.0,,,
Nyarwanya_Rwanja,Mitooma,,1628.0,99,30.0,0.9375,310.0,,,,,,,3.0,,,
Kirama,Mitooma,,0.0,40,80.0,0.8,310.0,,,,,,,3.0,,,
Kakyeza,Mitooma,,1646.0,64,60.0,0.75,,,,,,,,,,50.0,
Nyabubaare,Mitooma,,1121.0,50,60.0,0.75,,,,,,,,,,,
Bukiriro_2,Mitooma,,1129.0,45,40.0,1.9975,43.0,,,,,,,,,,300.0
Muzinga,Mitooma,,1151.0,41,120.0,4.8,,,2.0,,,,,,,,100.0
Kengyeya,Mitooma,,0.0,47,30.0,4.75,130.0,,,,,,,,,,
Nyabyondo_Rwoburunga,Mitooma,,1288.0,39,30.0,0.85,,,,,,,,,,,
Rwongora,Mitooma,,1569.0,31,20.0,0.4,140.0,,,,,,,,,150.0,50.0
Kashambya,Mitooma,,1159.0,70,120.0,0.3,85.0,,,,,,,,,25.0,
Kisiizi_1,Mitooma,,0.0,49,60.0,1.0,,,2.5,,,,,9.0,,0.0,
Nyamisheshe,Mitooma,,0.0,39,60.0,1.0,110.0,,3.5,,,,,5.0,,15.0,2.0
Rwakutaka,Mitooma,,1603.0,85,20.0,1.8,,,,,,,,,,0.0,0.0
Nyakashebeya,Mitooma,,1073.0,45,14.0,2.75,,,,,,,,,,,
Rwongora,Mitooma,,1610.0,80,120.0,0.8,130.0,,,,,,,,,,60.0
Rwakutaka,Mitooma,,1593.0,37,10.0,2.3,,,,,,,,,,40.0,
Rubaya,Mitooma,,1068.0,42,30.0,0.25,35.0,,,,,,,,,0.0,0.0
Nyabyondo_Rwoburunga,Mitooma,,1456.0,29,25.0,2.3,140.0,,,,,,,,,50.0,50.0
Rwemirama,Mitooma,,0.0,50,30.0,0.0,80.0,,,,,,,,,40.0,40.0
Kagati_Kiyanga,Mitooma,,0.0,49,60.0,1.75,,,,,,,,,,,
Nyamisheshe,Mitooma,,1599.0,65,30.0,1.75,100.0,,2.0,,,,,2.0,,70.0,
Nyabyondo_Rwoburunga,Mitooma,,1304.0,22,15.0,0.5,,,,,,,,,,,15.0
Karukare,Mitooma,,1693.0,82,5.0,0.75,,,,,,,,,,50.0,
Nyarwanya_Rwanja,Mitooma,,1625.0,34,30.0,0.4,310.0,,,,,,,3.0,,50.0,
Nyarwanya_Rwanja,Mitooma,,1602.0,63,50.0,0.3,100.0,,,,,,,,,56.0,1.0
Nyakashebeya,Mitooma,,1094.0,56,30.0,1.975,,,,,,,,,,,
Bukiriro_2,Mitooma,,1144.0,39,60.0,1.9975,140.0,20.0,,,,,,,,40.0,
Nyarwanya_Rwanja,Mitooma,,1623.0,27,28.0,2.25,75.0,,,,,,,,,,
Kibishamwika,Mitooma,,1244.0,50,10.0,1.9,,,,,,,,,,,
Nyabyondo_Rwoburunga,Mitooma,,1277.0,65,15.0,0.4375,,,,,,,,,,,100.0
Nyakagongo,Mitooma,,0.0,42,60.0,0.5,110.0,,,,,,,10.0,,,100.0
Karukare,Mitooma,,0.0,36,60.0,1.75,,,,,,,,,,40.0,15.0
Nyabyondo_Rwoburunga,Mitooma,,1256.0,54,10.0,0.85,65.0,,,,,,,,,,
Rwemirama,Mitooma,,0.0,40,120.0,1.83,75.0,,,,,,,,,45.0,
Kairabwa,Mitooma,,0.0,75,40.0,3.0,120.0,,,,,,,,,40.0,40.0
Rubaya,Mitooma,,0.0,28,60.0,0.75,,,2.0,,,,,,105.0,,
Kyabukama,Mitooma,,1611.0,32,30.0,0.25,120.0,,,,,,,,,40.0,
Nyamisheshe,Mitooma,,1609.0,41,15.0,0.825,100.0,,,,,,,7.0,,60.0,0.0
Kakyeza,Mitooma,,1689.0,50,60.0,0.75,80.0,,,,,,,,,70.0,50.0
Nyamisheshe,Mitooma,,0.0,48,60.0,0.75,100.0,,2.0,,30.0,,,8.0,,,
Kashambya,Mitooma,,1155.0,63,30.0,3.9,110.0,,20.0,,,,,,,,
Nyanga,Mitooma,,1173.0,59,40.0,1.5,140.0,,,,,,,,85.0,79.0,
Rugando_Rwanja,Mitooma,,1618.0,60,20.0,0.8,,,,,,,,1.8,,20.0,50.0
Kairabwa,Mitooma,,1176.0,64,50.0,1.75,35.0,,,,,,,,,72.0,
Kakimba,Mitooma,,1070.0,24,30.0,0.35,,,,,,,,,,,2.0
Rwemirama,Mitooma,,0.0,42,70.0,0.6,140.0,,,,,,,,,35.0,200.0
Kagati_Kiyanga,Mitooma,,0.0,27,60.0,1.75,,,,,,,,,,,100.0
Kakimba,Mitooma,,1199.0,43,40.0,1.875,40.0,,,,,,,8.0,,,
Bukiriro_1,Mitooma,,1118.0,53,60.0,4.75,330.0,,,,,,,,,,
Nyamisheshe,Mitooma,,0.0,35,30.0,0.75,170.0,,3.5,,,,,12.0,,25.0,2.0
Rwemirama,Mitooma,,0.0,22,60.0,0.0,,,,,,,,,,30.0,120.0
Kisiizi_2,Mitooma,,1181.0,41,30.0,0.25,350.0,,,,,,,,,70.0,
Karukare,Mitooma,,0.0,21,60.0,0.25,,,,,,,,,,40.0,
Bukiriro_1,Mitooma,,1111.0,24,30.0,0.5,,,,,,,,,,30.0,50.0
Nyaruzinga,Mitooma,,1661.0,72,30.0,2.75,,,,,,,,,,30.0,150.0
Kakyeza,Mitooma,,1165.0,60,60.0,1.75,140.0,20.0,,,,,,,,,
Kanganga,Mitooma,,0.0,82,40.0,1.75,92.0,,,,,,,,,60.0,
Rubaya,Mitooma,,1134.0,17,30.0,2.75,,,,,,,,,,,
Kafunjo,Mitooma,,0.0,38,30.0,0.75,130.0,,,,,,,,,,30.0
Nyamisheshe,Mitooma,,0.0,42,60.0,1.75,200.0,,3.0,,,,,7.0,,120.0,
Nyarwanya_Rwanja,Mitooma,,1650.0,34,20.0,2.25,145.0,,,,,,,,,48.0,
Rugando_Rwanja,Mitooma,,1610.0,61,30.0,0.25,190.0,,,,,,,,,0.0,
Karukare,Mitooma,,1675.0,35,20.0,1.25,,,,,,,,,,,
Rugando_Rwanja,Mitooma,,1165.0,67,60.0,1.5,55.0,,,,,,,2.0,,,210.0
Orujeebe,Mitooma,,1615.0,90,30.0,2.17,,,,,,,,,,0.0,
Kanganga,Mitooma,,1644.0,50,30.0,2.75,100.0,,,,,,,13.0,,,
Kyabukama,Mitooma,,1575.0,80,20.0,1.0,,,,,,,,,,4.0,
Kanganga,Mitooma,,1663.0,60,60.0,0.75,80.0,,,,,,,,,30.0,45.0
Rwakutaka,Mitooma,,1592.0,22,15.0,0.875,,,,,,,,,,0.0,
Nyakagongo,Mitooma,,0.0,60,40.0,2.75,105.0,,6.0,,,,,8.0,,65.0,80.0
Nyaruzinga,Mitooma,,1664.0,46,30.0,2.75,,,,,,,,,,0.0,0.0
Bukiriro_2,Mitooma,,1155.0,60,30.0,0.5,25.0,,,,,,,,,,2.0
Nyaruzinga,Mitooma,,1719.0,50,30.0,4.75,85.0,,,,,,,,,10.0,50.0
Kyeshabo,Mitooma,,0.0,38,60.0,2.5,,,,,,,,,,,300.0
Kanganga,Mitooma,,1663.0,58,45.0,4.5,180.0,,,,,,,5.0,,20.0,50.0
Ndurumo_Rwoburunga,Mitooma,,1165.0,31,15.0,0.3,,,,,,,,,,,
Nyabyondo_Rwoburunga,Mitooma,,1268.0,36,40.0,6.75,42.0,,,,,,,,15.0,0.0,10.0
Nyabyondo_Rwoburunga,Mitooma,,1397.0,32,5.0,0.875,70.0,,,,13.0,,,9.0,,,
Kisiizi_1,Mitooma,,1167.0,28,20.0,0.65,40.0,,,,,85.0,,3.0,,,150.0
Karukare,Mitooma,,1674.0,63,40.0,1.25,310.0,,,,,,,3.0,,120.0,
Rugando_Rwanja,Mitooma,,1707.0,33,30.0,1.85,,,,,,,,,,0.0,
Kisiizi_2,Mitooma,,1141.0,57,60.0,0.25,50.0,,,,,,,4.0,,,400.0
Nyakagongo,Mitooma,,1277.0,44,30.0,0.825,115.0,,,,,,,3.0,,150.0,500.0
Rwakutaka,Mitooma,,1607.0,58,60.0,1.875,135.0,,2.0,,,,,12.0,,100.0,100.0
Karukare,Mitooma,,0.0,51,15.0,1.75,150.0,,,,,,,,,200.0,
Rwakutaka,Mitooma,,1554.0,35,30.0,1.875,90.0,,,,,150.0,,,,80.0,200.0
Kisiizi_1,Mitooma,,0.0,50,60.0,3.5,60.0,,,,,,,,,,800.0
Kashambya,Mitooma,,1140.0,26,120.0,0.8,80.0,,,,,,,,,,
Karukare,Mitooma,,0.0,70,60.0,5.75,,,,,,,,,,100.0,300.0
Nyabyondo_Rwoburunga,Mitooma,,1393.0,57,5.0,0.875,60.0,,,,,,,7.0,,100.0,200.0
Rwakutaka,Mitooma,,1606.0,60,60.0,2.375,80.0,,,,,,,,,100.0,500.0
Kairabwa,Mitooma,,1202.0,39,40.0,1.75,45.0,,,,,,,,,90.0,7.0
Kanganga,Mitooma,,1705.0,72,10.0,6.75,,,,,,,,4.0,,40.0,40.0
Nyakagongo,Mitooma,,1281.0,36,15.0,4.75,150.0,,,,,,,3.0,,50.0,375.0
Nyaruzinga,Mitooma,,1722.0,60,20.0,1.75,90.0,,,,,,,,,52.0,
Karukare,Mitooma,,1676.0,42,30.0,0.25,120.0,,,,,,,,,40.0,
Rwakutaka,Mitooma,,1534.0,35,60.0,0.85,,,,,,,,,,200.0,60.0
Kakimba,Mitooma,,1079.0,60,40.0,2.75,80.0,,,,,,,6.0,,100.0,1000.0
Rugando_Rwanja,Mitooma,,1613.0,31,30.0,1.875,160.0,,,,,,,6.0,,80.0,200.0
Kashambya,Mitooma,,1141.0,46,120.0,1.3,180.0,,,,,,,,,50.0,600.0
Kagati_Kiyanga,Mitooma,,0.0,49,30.0,13.75,,,,,,,,,,,
Kibishamwika,Mitooma,,1215.0,55,30.0,1.9,90.0,,,,,,,,,360.0,400.0
Rushoroza,Mitooma,,1152.0,63,15.0,1.975,36.0,,,,,,,,,,1800.0
Kibishamwika,Mitooma,,1237.0,36,40.0,2.9,110.0,,,,,,,,,300.0,300.0
Nyabubaare,Mitooma,,0.0,45,120.0,1.1,35.0,,,,,,,,,360.0,60.0
Kyabukama,Mitooma,,1583.0,40,60.0,1.0,100.0,,,,,,,,,,
Rwemirama,Mitooma,,0.0,39,60.0,0.45,130.0,,,,,,,,,,
Nyakashebeya,Mitooma,,1087.0,70,30.0,4.75,,,,,,,,,,,
Nyabyondo_Rwoburunga,Mitooma,,1364.0,59,20.0,1.875,130.0,,,,,,,8.0,,80.0,
Kashambya,Mitooma,,1151.0,29,45.0,1.4,,,,,,,,,,150.0,
