pre_village,pre_district,pre_cluster,GPS-Altitude,hhh_age,Time_to_collect_Water_for_Household_use_Minutes,Land_size_agriculture,Beans_total_yield,Irish_potatoes_total_yield,Cassava_total_yield,Sorghum_total_yield,Maize_total_yield,Millet_total_yield,Onions_total_yield,Sweet_potatoes_total_yield,Ground_Nuts_total_yield,Food_banana_total_yield,Coffee_total_yield,cohort
Alibaki,KAGADI,NYAMASA,1298.083,39.75,34.583,0.758,254.0,,,,333.333,,,,,10.0,,2020
Batalika,KYENJOJO,MBURARA,957.333,46.333,40.833,3.55,319.375,19.767,9.0,,2962.857,,,,,126.429,67.0,2020
Batalika A,KYENJOJO,BATALIKA,1241.917,42.917,52.5,1.175,82.667,,2.25,,171.222,100.0,,5.0,,67.778,308.0,2020
Batalika B,KYENJOJO,BATALIKA,1209.083,46.417,56.25,1.654,169.375,2.875,5.25,,1682.0,,,5.0,,158.583,263.75,2020
Bigando,KYENJOJO,BIGANDU,1306.273,41.545,34.091,1.364,110.0,8.0,35.0,,1500.0,,,,,28.333,0.0,2020
Bigando B,KYENJOJO,BIGANDU,1257.0,36.167,38.333,1.787,249.6,5.5,,,346.0,,,,,29.7,15.0,2020
Biko-Bikongozo,Rukungiri,NYAK-BIKONGOZO,746.429,38.25,18.333,1.3,154.0,,,90.0,20.0,,,11.0,,155.714,40.0,2020
Biko-Birare,Rukungiri,NYAK-BIKONGOZO,885.0,47.083,65.0,0.583,83.6,,,10.0,50.0,,,1.0,,50.0,27.5,2020
Biko-Byongo,Rukungiri,NYAK-BIKONGOZO,0.0,40.538,43.846,0.802,64.0,,2.5,,34.667,,,10.278,,86.154,0.0,2020
Biko-Kabuhome,Rukungiri,NYAK-BIKONGOZO,1855.5,43.5,120.417,1.023,41.25,,,50.0,20.0,,,3.0,,41.0,50.0,2020
Biko-Katate,Rukungiri,NYAK-BIKONGOZO,0.0,48.0,185.0,1.057,51.4,,,,,,,9.0,,108.8,46.333,2020
Biko-Kayanja,Rukungiri,NYAK-BIKONGOZO,1497.083,48.667,36.25,0.771,40.375,,,,,,,1.375,,,,2020
Biko-Rugazi,Rukungiri,NYAK-BIKONGOZO,1934.667,41.25,98.333,1.058,100.0,,,,,,,3.0,,49.444,50.0,2020
Bikungu,MITOOMA,IRARAMIRA,566.75,47.0,67.5,0.621,70.889,,,,,,,,44.25,150.0,108.0,2020
Bitoma,KYENJOJO,KIJENGI,1196.917,39.75,57.5,1.171,104.167,,0.0,,756.625,,,6.5,,91.667,40.0,2020
Bomera,KYENJOJO,KISANSA,1160.923,37.667,75.833,0.638,200.0,1.5,4.0,,940.0,,,,,32.8,20.333,2020
Bugahya,KAGADI,KISUURA,1122.583,37.083,34.583,2.103,218.5,,,,435.0,,,,,76.25,60.0,2020
Bugahya B,KAGADI,MABERENGA,1241.5,42.667,42.0,1.646,530.0,,50.0,,400.0,,,,,50.0,13.333,2020
Buhasha A1,MITOOMA,RYENGYERERO,796.083,47.333,40.0,1.25,110.857,,,,,40.0,,2.667,,119.167,83.111,2020
Buhasha A2,MITOOMA,RYENGYERERO,1639.077,49.0,41.769,0.769,29.0,,,,,,,,,90.0,85.0,2020
Buhasha B1,MITOOMA,RYENGYERERO,1410.5,48.667,44.0,1.208,50.909,,1.0,,,,,1.7,92.5,34.0,1.8,2020
Buhasha B2,MITOOMA,RYENGYERERO,1614.833,51.083,80.0,1.071,69.875,,,,45.0,,,5.875,30.0,225.25,75.556,2020
Buhasha B3,MITOOMA,RYENGYERERO,805.5,50.583,59.333,1.344,92.5,,4.0,,53.333,,,9.167,,157.5,310.0,2020
Buje-Bugarura,KANUNGU,KAYO-BUJENGWE,1471.417,47.167,46.083,1.3,163.333,,2.0,,260.0,45.0,,3.0,,181.667,350.0,2020
Buje-Byumba,KANUNGU,KAYO-BUJENGWE,1471.9,51.2,39.5,1.448,57.667,,,,73.5,,,20.667,,0.0,0.0,2020
Buje-Kabirizi,KANUNGU,KAYO-BUJENGWE,1469.231,56.385,76.154,1.725,66.25,,,,59.5,130.0,,9.0,,57.5,10.0,2020
Buje-Kacerere,KANUNGU,KAYO-BUJENGWE,1502.0,50.083,56.667,1.175,33.0,,,,,,,0.5,,43.333,27.5,2020
Buje-Kanoni,KANUNGU,KAYO-BUJENGWE,1355.0,45.818,79.091,1.566,55.0,,11.0,,42.0,,,4.0,,20.0,,2020
Buje-Kazahi,KANUNGU,KAYO-BUJENGWE,1546.25,49.25,38.75,2.46,51.0,,23.0,,250.0,,,9.667,,84.286,5.2,2020
Buje-Kishanda,KANUNGU,KAYO-BUJENGWE,1361.786,47.571,44.643,1.836,,,,,68.5,,,,,17.5,3.0,2020
Buje-Kishegyere,KANUNGU,KAYO-BUJENGWE,1482.0,44.917,48.333,1.867,21.5,,,19.0,32.0,55.0,,,,,0.0,2020
Buje-Mayanja,KANUNGU,KAYO-BUJENGWE,1398.0,50.333,42.583,1.946,98.714,,,,,,,,,10.0,5.0,2020
Buje-Mushorero,KANUNGU,KAYO-BUJENGWE,1652.0,40.75,85.833,1.469,73.333,,11.0,,87.5,,,,,21.0,20.333,2020
Buje-Nyamishamba,KANUNGU,KAYO-BUJENGWE,1530.5,42.917,38.333,1.347,63.0,15.0,11.333,,127.75,66.0,,65.25,,4.0,0.0,2020
Bukiriro 1,MITOOMA,KIYANGA,1130.333,42.917,37.5,1.583,420.0,,,,,,,,,41.75,64.333,2020
Bukiriro 2,MITOOMA,KIYANGA,1140.25,47.167,29.583,0.985,28.4,,,,,105.0,,4.0,,27.5,214.222,2020
Bulemba,KYENJOJO,KANYEGARAMIRE,1244.333,36.636,26.0,0.462,140.0,,,,600.0,,,,,46.667,,2020
Bununkya,KAGADI,KABUGA,1271.25,48.917,28.75,1.917,175.0,,,,,,,,,50.0,200.0,2020
Buranga,KYENJOJO,KITEGA,1231.462,34.615,45.385,4.077,287.5,,6.0,,1226.875,,,8.0,,58.0,300.0,2020
Burebane,MITOOMA,RWANJA WEST,1404.083,51.083,38.333,0.854,53.222,,1.0,,200.0,,,1.5,,44.286,1.2,2020
Bush-Ahabutaare,KANUNGU,KIRI-BUSHURA,1322.6,43.2,29.5,1.028,136.333,,17.0,,,40.0,,,,101.0,110.0,2020
Bush-Bugandaro,KANUNGU,KIRI-BUSHURA,1448.5,47.4,70.8,1.32,52.0,,,,,,,10.0,,89.25,85.0,2020
Bush-Bushura,KANUNGU,KIRI-BUSHURA,1425.5,49.2,39.0,0.925,27.0,,,,123.0,,,,,62.5,160.0,2020
Bush-Kajumo,KANUNGU,KIRI-BUSHURA,1496.111,43.667,145.0,0.878,27.75,,,,60.0,65.0,,6.333,,41.111,10.0,2020
Bush-Katwa,KANUNGU,KIRI-BUSHURA,1488.5,49.75,17.5,1.969,90.75,,,,77.5,,,5.375,,235.714,23.25,2020
Bush-Kazuru,KANUNGU,KIRI-BUSHURA,1478.167,46.75,22.5,1.352,63.667,,3.15,46.5,56.333,69.0,,4.717,,63.5,81.111,2020
Bush-Kikondeka,KANUNGU,KIRI-BUSHURA,1580.4,57.3,48.5,1.295,83.75,,11.0,,,,,,,177.0,50.0,2020
Bush-Kirima,KANUNGU,KIRI-BUSHURA,1498.667,53.667,28.889,0.456,81.375,,,,118.2,,,,,92.5,171.0,2020
Bush-Mugongo,KANUNGU,KIRI-BUSHURA,1513.625,54.75,56.25,0.375,54.0,,,,,,,,,,18.0,2020
Bush-Mutojo,KANUNGU,KIRI-BUSHURA,1495.625,41.75,39.375,1.031,42.714,,168.0,,70.0,,,6.0,,8.5,63.333,2020
Bush-Nyakabungo,KANUNGU,KIRI-BUSHURA,1690.111,52.0,48.889,1.038,121.429,,,50.0,190.0,,,6.2,,25.714,9.0,2020
Bush-Rwengwe,KANUNGU,KIRI-BUSHURA,1506.667,42.444,31.667,0.53,45.333,,,,10.0,,,2.5,,100.0,87.333,2020
Businda,KYENJOJO,KITEGA,1240.0,41.923,39.692,0.754,327.857,2.2,8.0,,1250.0,,,,,15.0,200.0,2020
Busingye,KYENJOJO,BYERWA,1220.583,34.917,285.0,1.312,197.375,5.5,,,736.2,,,,,185.429,3.0,2020
Buyaayo A,MITOOMA,MAYANGA,1339.25,52.25,71.667,1.284,58.0,,1.0,,,,,,,,,2020
Buyayo B,MITOOMA,MAYANGA,0.0,46.0,70.833,0.648,136.0,,,,,,,,,202.667,250.0,2020
Buyayo C,MITOOMA,MAYANGA,1556.083,43.75,68.333,1.75,88.143,,5.0,,17.333,,,9.6,,155.0,432.857,2020
Bwema A,KAGADI,KISUNGU,1268.182,53.364,48.636,1.432,387.5,,,,900.0,,,,,383.333,,2020
Bwema B,KAGADI,KISUNGU,1244.75,45.333,53.333,0.444,340.0,,,,,,,,,,,2020
Bwera,MITOOMA,KASHONGORERO,1025.417,34.25,23.167,1.378,53.0,,1.667,,,,,2.5,100.0,0.0,,2020
Bwera A,MITOOMA,BWERA,735.667,43.417,35.0,0.896,152.857,,,,40.0,,,,52.0,105.571,144.0,2020
Bwera B,MITOOMA,BWERA,1510.917,42.75,39.583,1.229,70.125,,,,,,,,,56.0,25.5,2020
Bwera C,MITOOMA,BWERA,1444.0,45.75,61.667,1.283,115.0,,,40.0,,,,1.5,,104.167,152.909,2020
Bwikara Central,KAGADI,KISUURA,1275.417,56.417,62.5,1.868,186.667,,,,1300.0,,,,,20.0,,2020
Byerwa,KYENJOJO,BYERWA,1247.583,34.75,47.917,0.642,104.625,9.0,,,479.0,,,,,45.0,,2020
Ekyigaiga,KYENJOJO,KYAMUGARRA,1290.833,47.667,51.667,0.825,248.571,7.667,,,335.0,,,,,65.143,126.667,2020
Gashoro,KISORO,CHAHAFI,1948.917,55.667,29.167,0.967,205.455,19.2,3.0,,350.0,,,6.856,,4.571,,2020
Gicuzi,KISORO,CHAHAFI,2021.417,38.667,73.75,0.392,81.818,,,,,,,8.04,,2.6,0.0,2020
Hakondo,KAGADI,KISUNGU,1253.083,51.0,88.333,0.501,461.25,,,,191.667,,,,,8.0,0.0,2020
Humura,KAGADI,KAMUSEEGU,1262.333,42.833,86.667,0.609,186.667,,,,500.0,,,,,18.4,25.0,2020
Ibanda,KAGADI,KASOGA,1210.333,59.167,101.667,1.345,101.0,,,,496.667,,,,,37.2,,2020
Igongwe,KYENJOJO,NYAMICU,1269.7,51.9,73.1,4.685,133.571,3.075,0.5,400.0,1206.667,200.0,,0.0,,28.25,1267.5,2020
Igunga,KYENJOJO,KIJENGI,1237.167,39.75,60.0,1.829,368.0,30.0,,,2400.0,,,,,33.333,0.0,2020
Irangara,MITOOMA,RUREHE SOUTH,1697.167,42.917,68.75,1.608,101.3,,2.0,,,,,2.0,,136.909,75.0,2020
Iraramira 1,MITOOMA,IRARAMIRA,1211.417,38.917,42.5,0.938,128.75,,,,,,,,,,,2020
Iraramira 2,MITOOMA,IRARAMIRA,1223.583,42.25,84.167,1.458,112.222,,2.0,,110.0,,,1.667,120.0,110.909,213.636,2020
Iraramira Central,MITOOMA,IRARAMIRA,1266.167,48.667,82.083,1.162,59.5,,,,,,,,,51.75,117.143,2020
Itaha,KAGADI,NYAKARONGO,1249.8,44.5,47.3,3.218,100.0,,,,287.0,,,,,114.5,250.5,2020
Itara,MITOOMA,KATAGATA,1581.583,40.667,29.583,0.687,64.5,,,,,300.0,,8.0,,46.7,72.6,2020
Kaberebere,KYENJOJO,BYERWA,1293.455,43.0,110.455,1.755,128.75,19.333,,,1100.0,,,,,20.0,,2020
Kabingo,KISORO,CHAHAFI,1889.167,46.917,44.167,0.683,148.75,12.0,,,90.0,,,6.471,,4.286,,2020
Kaborogota A,MITOOMA,RUTOOMA,786.167,50.417,32.5,1.206,97.5,,3.8,,23.0,,,7.188,,181.667,103.909,2020
Kaborogota B,MITOOMA,RUTOOMA,0.0,44.222,51.944,1.406,100.0,,,,,65.0,,,,249.6,80.0,2020
Kabuga A,KAGADI,KABUGA,1258.333,41.083,40.833,4.0,260.0,,,,700.0,,,,,67.5,,2020
Kabuga B,KAGADI,NYAMACUMU,1267.667,38.167,32.083,0.794,191.0,,,,150.0,,,,,22.5,25.0,2020
Kabungo,MITOOMA,RWANJA WEST,1403.667,48.0,51.25,0.638,42.25,,,,29.0,,,,,,0.0,2020
Kaburara,MITOOMA,IRARAMIRA,1218.25,46.917,42.5,1.571,71.125,,5.0,200.0,21.5,,,7.6,70.0,79.545,162.222,2020
Kace-Iterero,RUKUNGIRI,NYAK-KACENCE,1286.583,47.25,26.667,0.875,93.571,4.5,,,,,,0.667,,52.857,0.0,2020
Kace-Kababagi,RUKUNGIRI,NYAK-KACENCE,883.583,49.0,35.0,0.646,121.2,,,,90.0,,,,,61.364,50.0,2020
Kace-Kacence,RUKUNGIRI,NYAK-KACENCE,1756.75,47.0,27.083,0.971,139.778,,,,,,,,,101.455,,2020
Kace-Kahara,RUKUNGIRI,NYAK-KACENCE,1880.75,59.333,53.167,1.979,110.833,,,,,,,2.0,,92.7,87.5,2020
Kace-Kiniogo,RUKUNGIRI,NYAK-KACENCE,0.0,55.083,14.583,0.825,68.0,,,,,,,,,91.0,10.0,2020
Kace-Kinisya,RUKUNGIRI,NYAK-KACENCE,1763.0,37.667,16.667,0.771,68.4,,,,0.0,,,1.0,,20.0,,2020
Kace-Kinisya,Rukungiri,NYAK-KACENCE,1746.833,41.167,14.167,0.167,,,,,,,,,,6.0,,2020
Kace-Mabindi,RUKUNGIRI,NYAK-KACENCE,2002.833,44.083,46.667,1.325,73.375,,,46.5,,,,,,10.0,,2020
Kace-Numba,RUKUNGIRI,NYAK-KACENCE,889.667,56.167,34.583,1.021,83.2,,,,55.0,,,1.4,,25.0,0.0,2020
Kace-Nyabiterekyere,RUKUNGIRI,NYAK-KACENCE,0.0,44.286,68.571,1.393,126.429,,4.0,,45.0,,,9.5,,145.0,64.0,2020
Kace-Nyabiterekyere,Rukungiri,NYAK-KACENCE,0.0,55.2,45.0,0.725,107.0,,,75.0,32.0,,,8.25,,65.0,63.0,2020
Kace-Nyakisoroza,RUKUNGIRI,NYAK-KACENCE,1459.0,43.667,25.833,0.854,117.222,,,,7.0,,,2.0,65.0,33.75,,2020
Kace-Rugoma,RUKUNGIRI,NYAK-KACENCE,1839.333,47.667,24.333,0.562,81.333,,,,82.5,,,4.0,,,,2020
Kace-Rwangeru,RUKUNGIRI,NYAK-KACENCE,455.667,41.583,40.0,0.944,82.429,,,,,,,,,27.143,0.0,2020
Kace-Rwonyo,RUKUNGIRI,NYAK-KACENCE,1659.417,46.667,25.0,1.188,81.25,,,,,,,,,37.5,,2020
Kadugu,KYENJOJO,KANYEGARAMIRE,625.583,31.083,29.583,0.188,150.714,204.067,,,955.0,,,2.0,,48.333,0.0,2020
Kafu-Bugandaza,RUKUNGIRI,NYAK-KAFUNJO,1851.7,48.778,58.333,0.885,25.0,,,300.0,,,,8.5,,78.0,1.0,2020
Kafu-Bugomora,RUKUNGIRI,NYAK-KAFUNJO,0.0,46.833,66.667,0.792,60.0,,,110.0,,,,,,22.3,3.0,2020
Kafu-Kabijaga,RUKUNGIRI,NYAK-KAFUNJO,895.167,50.083,42.5,1.167,103.0,9.0,,170.0,,,,6.333,,62.625,15.0,2020
Kafu-Kabuzigye,RUKUNGIRI,NYAK-KAFUNJO,1956.0,49.25,26.833,1.021,46.571,,,,,,,,,60.333,12.5,2020
Kafu-Kafunjo Cell,RUKUNGIRI,NYAK-KAFUNJO,910.25,36.833,17.5,1.417,66.571,5.5,,200.0,50.0,,,7.5,,29.167,35.0,2020
Kafu-Kagasha,RUKUNGIRI,NYAK-KAFUNJO,2039.5,42.125,111.25,1.072,127.0,,,151.667,,,4.0,3.333,,66.667,,2020
Kafu-Kagorogoro,RUKUNGIRI,NYAK-KAFUNJO,0.0,43.5,32.5,0.658,104.125,,3.0,,,,,7.286,,61.3,4.0,2020
Kafu-Kajubwe,RUKUNGIRI,NYAK-KAFUNJO,1824.583,55.25,22.583,0.925,,,,,,,,28.0,,36.273,,2020
Kafu-Kijubwe,RUKUNGIRI,NYAK-KAFUNJO,450.545,48.364,30.091,0.436,40.667,,,,,,,5.0,,17.667,,2020
Kafu-Nyabishaki,RUKUNGIRI,NYAK-KAFUNJO,1072.583,48.5,162.5,0.983,83.75,,,,,,,73.5,,,0.0,2020
Kafu-Nyakakizi,RUKUNGIRI,NYAK-KAFUNJO,822.667,49.778,26.889,1.128,152.5,,,,,,,2.5,,0.0,,2020
Kafu-Nyamabare,RUKUNGIRI,NYAK-KAFUNJO,0.0,41.25,40.0,0.525,60.0,,,,,,,,,63.889,0.0,2020
Kafu-Nyaruziba,RUKUNGIRI,NYAK-KAFUNJO,0.0,50.545,30.818,0.509,76.5,,10.0,280.0,,,,3.0,,55.667,,2020
Kafu-Rugandu,RUKUNGIRI,NYAK-KAFUNJO,1883.417,51.167,28.75,0.6,,,,120.0,,,,1.75,,9.667,,2020
Kafu-Rugazi,RUKUNGIRI,NYAK-KAFUNJO,1610.3,49.2,29.3,0.45,17.0,,,,,,,,,16.333,,2020
Kafu-Rutooma,RUKUNGIRI,NYAK-KAFUNJO,0.0,55.5,31.6,1.322,76.4,2.5,,,,,,5.786,,101.8,6.333,2020
Kafunjo,MITOOMA,KAGATI,0.0,41.5,50.417,1.255,60.4,,,,,,,,80.0,1030.0,263.333,2020
Kagati,MITOOMA,KIYANGA,0.0,37.417,53.75,1.646,62.0,,,120.0,,,,,,22.5,92.0,2020
Kagezi,KYENJOJO,KISANSA,1173.417,42.25,31.667,2.392,300.0,12.5,40.0,,1557.5,,,,,42.857,27.125,2020
Kagugo,KAGADI,KATIKENGEYE,1217.083,43.833,49.25,0.408,512.5,,,,650.0,,,,,,,2020
Kaguhyo,KYENJOJO,KIJENGI,1263.167,38.417,44.167,1.892,185.0,,,,2025.0,,,,,16.0,,2020
Kahesha,MITOOMA,KASHONGORERO,1240.833,43.667,50.0,2.692,91.25,7.5,,,45.0,,,8.667,65.75,97.5,210.455,2020
Kaho-Buhumuriro,RUKUNGIRI,NYAK-KAHOKO,0.0,62.5,19.167,1.55,57.5,,,,30.0,,,,,,,2020
Kaho-Buhumuriro,Rukungiri,NYAK-KAHOKO,0.0,39.0,78.333,0.75,70.0,,,250.0,,,,,,148.667,,2020
Kaho-Kagyeyo,Rukungiri,NYAK-KAHOKO,0.0,48.833,38.333,1.037,120.0,,2.5,,40.0,,,13.0,,131.0,25.0,2020
Kaho-Kamuhozi,Rukungiri,NYAK-KAHOKO,1188.125,57.375,40.625,1.659,107.5,,0.0,,210.0,,,9.5,,98.25,20.0,2020
Kaho-Karukonjo,Rukungiri,NYAK-KAHOKO,1451.3,51.4,46.0,1.37,75.0,,,,,,,,,3.0,,2020
Kaho-Katungu,Rukungiri,NYAK-KAHOKO,1838.5,54.917,97.5,1.975,92.0,,,,,,,2.875,,482.917,87.0,2020
Kaho-Kibeho,Rukungiri,NYAK-KAHOKO,1807.75,51.917,32.5,1.175,140.0,,,,,,,,,50.0,,2020
Kaho-Kigoyi,Rukungiri,NYAK-KAHOKO,1548.417,52.917,33.333,0.854,45.625,,2.0,,25.0,,,15.125,,,25.0,2020
Kaho-Kitebwe,RUKUNGIRI,NYAK-KAHOKO,0.0,48.167,26.667,0.9,100.0,,,,20.0,,,,,0.0,,2020
Kaho-Kitebwe,Rukungiri,NYAK-KAHOKO,0.0,53.5,63.0,0.875,50.0,,,,,,,,,75.167,100.0,2020
Kaho-Kitungunda,Rukungiri,NYAK-KAHOKO,0.0,53.167,42.5,1.7,106.25,,1.917,30.0,31.5,130.0,,14.591,,146.25,85.833,2020
Kaho-Nyabisoni,Rukungiri,NYAK-KAHOKO,1851.727,49.273,44.545,0.836,34.0,,,,,,,,,,,2020
Kaho-Nyabubare,Rukungiri,NYAK-KAHOKO,554.333,54.0,47.083,1.02,64.4,,,,,,,3.25,,50.0,,2020
Kaho-Nyakabale,Rukungiri,NYAK-KAHOKO,1786.538,52.615,81.923,1.302,55.5,13.0,,,,,,4.667,,138.8,94.6,2020
Kaho-Nyamirama,Rukungiri,NYAK-KAHOKO,1580.727,52.364,21.818,1.023,72.75,,,,77.5,,,26.5,,,0.0,2020
Kaho-Nyaruhanga,Rukungiri,NYAK-KAHOKO,1869.167,65.083,32.333,1.583,149.5,,,,100.0,,,2.0,,98.3,150.0,2020
Kaho-Nyarurambi,Rukungiri,NYAK-KAHOKO,1775.333,48.75,29.167,0.688,146.667,,,,,,,,,41.875,50.0,2020
Kaho-Rugasha,Rukungiri,NYAK-KAHOKO,0.0,54.583,45.833,0.521,68.333,,,,110.0,,,,130.0,52.0,33.833,2020
Kaho-Runyinya,Rukungiri,NYAK-KAHOKO,1632.833,46.167,23.583,1.6,132.75,,,,125.0,,,,,66.9,,2020
Kaho-Rutooma,Rukungiri,NYAK-KAHOKO,921.5,52.75,59.167,0.729,67.167,,,22.0,60.0,,,1.0,,75.0,1.5,2020
Kaho-Rwanama,Rukungiri,NYAK-KAHOKO,906.833,49.083,42.917,0.624,85744.5,,,,,,,4.667,,30.0,300.0,2020
Kahyoro,KYENJOJO,MBURARA,1161.333,39.667,45.833,0.567,135.0,,8.5,,403.75,,,8.0,,40.833,1.0,2020
Kairabwa,MITOOMA,KAGATI,590.917,46.917,47.083,0.975,56.0,,3.0,,,,,2.833,65.0,26.667,2.0,2020
Kakimba,MITOOMA,KIYANGA,1156.083,49.5,34.583,1.38,58.5,,,,,,,7.0,,64.0,220.0,2020
Kakindo,KAGADI,NYAKARONGO,1256.083,51.833,30.833,1.502,325.0,,,,205.0,,,,60.0,70.0,,2020
Kakooga,KAGADI,KISUURA,1249.25,48.083,82.5,0.525,432.5,,,,,,,,,,,2020
Kakyeza,MITOOMA,RWANJA EAST,1415.583,49.5,59.167,0.667,42.0,,3.0,,75.0,47.0,,4.5,43.5,23.182,0.857,2020
Kaligenda,KYENJOJO,MUBEMBE,1157.75,39.833,52.667,0.432,26.714,1.267,,,339.944,,,,,20.4,20.0,2020
Kamabare,MITOOMA,KIYANGA,562.083,34.917,77.5,0.502,90.0,,,,,50.0,,2.25,,37.143,81.111,2020
Kamazima,KYENJOJO,KIJEBERA,1173.083,35.417,58.75,0.129,70.714,12.6,8.0,,250.0,,,,20.0,29.875,400.0,2020
Kambogo,KAGADI,KASOGA,1125.917,43.5,58.333,0.865,177.6,,,,407.5,,,,,260.0,50.0,2020
Kamuganga A,KYENJOJO,KIJEBERA,1218.455,31.091,71.636,1.386,157.818,5.64,4.0,,444.286,,,5.0,160.0,35.909,80.5,2020
Kamuganga B,KYENJOJO,KIJEBERA,1187.5,38.833,31.75,0.729,152.5,44.0,,,,,,,,65.0,0.0,2020
Kamukole A,KAGADI,NGOMA,1249.667,43.417,52.25,0.542,690.0,,,,160.0,,,,,5.0,4.125,2020
Kamukole B,KAGADI,NYAMASA,1237.167,42.083,58.333,0.454,124.167,14.5,,,320.0,,,,,,,2020
Kamukube,KYENJOJO,KYAMUGARRA,1279.25,41.75,70.417,0.604,91.0,4.667,1.5,,496.0,,,4.0,,15.0,16.667,2020
Kamuseegu Central,KAGADI,KAMUSEEGU,1297.25,44.667,79.583,0.25,47.5,,,,250.0,,,,,150.0,,2020
Kanganga,MITOOMA,RWANJA EAST,998.3,62.6,34.0,2.065,92.375,,4.5,,130.0,,,8.286,,137.0,89.0,2020
Kaniampiiha,MITOOMA,KASHASHA,598.0,49.583,35.417,3.358,115.333,,4.083,,136.667,,,6.5,57.5,97.222,185.5,2020
Kanyegaramire,KYENJOJO,KANYEGARAMIRE,892.625,32.125,25.625,2.535,169.214,105.0,11.5,,3116.667,,,,,225.0,450.0,2020
Kanyinya,KYENJOJO,KYAMUGARRA,1297.643,45.0,90.0,1.4,293.0,25.0,,,1200.0,,,,,25.0,,2020
Kara-Bujengwe,KANUNGU,KAYO-KARANGARA,1415.182,51.545,47.909,1.295,47.6,,,,90.0,,,,,82.875,40.0,2020
Kara-Kagoma,KANUNGU,KAYO-KARANGARA,1346.5,52.583,39.583,1.454,47.7,,4.0,,365.0,100.0,,3.25,36.5,116.444,87.778,2020
Kara-Mushija,KANUNGU,KAYO-KARANGARA,1474.25,45.667,76.667,0.988,81.667,,,,,77.5,,,,55.5,16.0,2020
Kara-Nshangi,KANUNGU,KAYO-KARANGARA,1418.5,41.583,32.417,1.419,50.4,,,,120.0,,,,,13.667,4.0,2020
Kara-Ntengyere,KANUNGU,KAYO-KARANGARA,1180.25,43.333,35.583,2.95,93.75,,3.0,,90.0,,,3.5,50.0,368.75,618.333,2020
Kara-Nyakabingo,KANUNGU,KAYO-KARANGARA,1291.462,43.923,19.615,2.11,77.938,,,,,98.0,,,,6.5,0.0,2020
Kara-Nyakahanga,KANUNGU,KAYO-KARANGARA,1275.5,45.25,51.667,1.09,34.5,,,,130.0,350.0,,6.0,,108.9,205.556,2020
Kara-Nyamabare,KANUNGU,KAYO-KARANGARA,1373.571,41.143,15.929,1.236,102.308,,,,426.667,,,14.0,,96.714,71.769,2020
Kara-Rutare,KANUNGU,KAYO-KARANGARA,1346.583,40.583,25.0,2.758,133.0,,130.0,,60.333,,,9.0,,274.667,55.167,2020
Kara-Rwamiyumbu,KANUNGU,KAYO-KARANGARA,1364.667,37.333,33.75,1.778,52.571,,,,60.0,,,,49.5,2.75,0.0,2020
Kara-Rwemirama,KANUNGU,KAYO-KARANGARA,1259.583,40.5,66.25,0.912,49.778,,11.0,,,90.0,,11.5,12.0,70.714,159.0,2020
Karambi,KAGADI,KAMUSEEGU,1265.25,48.417,37.917,0.235,155.0,,,,140.0,,,,,30.0,,2020
Karambi,KISORO,CHAHAFI,2073.083,48.25,49.583,0.683,113.333,25.0,,140.0,45.0,,,13.6,,2.625,,2020
Karangara,KYENJOJO,NYAMICU,1292.25,44.333,42.5,1.812,234.091,20.75,5.0,,721.0,,,14.0,,140.0,40.0,2020
Karimongora,MITOOMA,RUREHE SOUTH,883.25,58.5,35.833,1.592,82.4,,3.0,,40.0,,,10.667,120.0,147.273,212.857,2020
Karokarungi,KAGADI,NYAKARONGO,1267.333,48.167,60.0,1.657,517.5,,,,1270.0,,,,,,,2020
Karokarungi,KYENJOJO,RUKUKURU,1252.083,49.25,52.5,1.042,153.333,,,,1100.0,,,,,206.667,,2020
Karokarungi,MITOOMA,RWOBURUNGA,570.167,42.0,43.333,1.602,35.0,,0.0,,,,,2.75,40.0,0.0,,2020
Karokarungi A,MITOOMA,KASHONGORERO,1208.083,35.75,97.5,1.706,65.667,,,,,,,,,52.0,74.0,2020
Karokarungi B,MITOOMA,KASHONGORERO,636.5,46.75,64.583,0.771,133.889,,,,,50.0,,1.5,,35.0,46.667,2020
Karubanju,KYENJOJO,KANYEGARAMIRE,1246.692,35.083,26.833,1.55,302.857,14.0,,,2127.5,,,13.0,,50.0,,2020
Karukare,MITOOMA,RWANJA EAST,839.917,48.417,46.667,1.333,168.333,,,140.0,,,,5.0,,94.167,138.0,2020
Karukujenge,KYENJOJO,MBURARA,1200.615,38.0,36.667,0.755,128.333,9.0,4.5,,511.4,,,9.5,,50.0,10.0,2020
Kasarule,KYENJOJO,BIGANDU,1232.417,43.667,55.833,1.729,175.0,8.0,10.4,,576.0,,,,,41.0,250.0,2020
Kashambya,MITOOMA,KAGATI,1147.333,51.083,75.833,1.367,102.143,,20.0,,,,,1.833,,117.143,252.5,2020
Kashamwe,MITOOMA,RUREHE SOUTH,779.917,47.167,31.25,1.386,37.571,,2.0,,,,,1.867,,0.0,0.0,2020
Kashasha,MITOOMA,KASHASHA,1158.833,43.167,59.583,0.858,53.571,,2.5,,,,,2.0,,47.857,98.333,2020
Kashongorero,MITOOMA,KASHONGORERO,586.75,45.0,52.5,1.225,64.0,,,,47.0,,,,,40.0,190.0,2020
Kasoga,KAGADI,KASOGA,1223.167,42.917,46.667,2.8,150.833,25.0,,,256.667,,,,,80.0,163.333,2020
Kasoga C,KAGADI,KASOGA,1233.667,45.583,39.583,1.146,510.0,,,,,,,,,,,2020
Katagata,MITOOMA,KATAGATA,1330.75,50.083,65.0,0.93,51.4,,1.0,,,,,3.0,,0.0,0.0,2020
Katangyemeko,MITOOMA,KASHASHA,477.25,42.75,71.917,1.782,53.333,,,,,,,,65.0,67.0,47.143,2020
Kateija,MITOOMA,IRARAMIRA,579.333,39.833,63.75,1.321,81.364,,3.25,,,45.0,,6.455,45.0,60.333,153.182,2020
Katelemwa A,KAGADI,KATELEMWA,1263.0,45.75,43.75,1.01,167.857,,2.0,,623.333,,,,,10.0,0.0,2020
Katelemwa B,KAGADI,KATELEMWA,1288.083,41.75,35.667,0.583,180.0,,,,,,,,,,,2020
Kati A,MITOOMA,KATI,1560.667,49.917,29.583,1.271,157.0,,,,,,,,,98.75,9.5,2020
Kati B,MITOOMA,KATI,771.583,47.583,46.25,1.479,101.667,,,,,,,,,163.2,120.0,2020
Katikara,KAGADI,NYAMASA,632.417,47.333,71.667,1.557,322.0,,,,1100.0,,,,,70.0,250.0,2020
Katikengeye Central,KAGADI,KATIKENGEYE,1219.083,51.0,61.667,1.146,390.0,,,,1166.667,,,,,30.0,,2020
Kato-Bugarama,RUKUNGIRI,NYAK-KATONYA,0.0,55.333,83.417,0.873,59.778,1.5,,35.0,,140.0,,5.812,,109.167,407.5,2020
Kato-Burebane,RUKUNGIRI,NYAK-KATONYA,812.417,47.417,55.417,0.775,41.25,,,30.0,,,,4.0,,,,2020
Kato-Kajumera,RUKUNGIRI,NYAK-KATONYA,934.75,48.0,28.333,1.546,119.0,,,,84.0,200.0,,8.5,,161.727,250.0,2020
Kato-Kashenyi,RUKUNGIRI,NYAK-KATONYA,0.0,46.833,75.833,0.292,53.333,,,,,,,,,24.111,43.333,2020
Kato-Mugurante,RUKUNGIRI,NYAK-KATONYA,0.0,46.909,50.0,1.414,24.5,3.5,,,,,,5.0,,146.0,,2020
Kato-Mukajagiro,RUKUNGIRI,NYAK-KATONYA,1868.417,53.083,34.417,0.688,170.0,,,,,,,,,45.625,,2020
Kato-Mushunga,RUKUNGIRI,NYAK-KATONYA,0.0,43.417,33.333,1.246,44.5,,,53.0,,,,7.0,,56.0,,2020
Kato-Ndyabihanga,RUKUNGIRI,NYAK-KATONYA,1914.667,46.0,40.417,0.562,33.333,,,,,,,3.167,,15.0,,2020
Kato-Nyakabare,RUKUNGIRI,NYAK-KATONYA,1793.25,49.417,61.667,1.656,129.0,,,425.0,,,,4.733,,94.636,,2020
Kato-Nyakabungo,RUKUNGIRI,NYAK-KATONYA,856.286,57.667,38.333,1.689,136.667,,,,35.0,130.0,,9.0,,151.818,23.333,2020
Kato-Nyakashenyi,RUKUNGIRI,NYAK-KATONYA,1438.167,55.083,49.583,0.604,19.571,,,,,,,3.75,,,,2020
Kato-Nyarubira,RUKUNGIRI,NYAK-KATONYA,2085.5,43.583,99.167,1.425,44.25,,,,,,,,,40.0,,2020
Kato-Rugarama,RUKUNGIRI,NYAK-KATONYA,0.0,50.583,90.0,0.817,81.083,,3.5,281.5,220.0,17.0,,5.778,,45.5,3.0,2020
Kato-Ruhonwa,RUKUNGIRI,NYAK-KATONYA,1546.417,45.917,36.854,0.833,37.333,,,,,,,2.667,,,0.0,2020
Kato-Rujoka,RUKUNGIRI,NYAK-KATONYA,1988.667,43.667,54.167,0.688,45.8,,,,26.0,,,,,23.0,,2020
Kato-Rutooma,RUKUNGIRI,NYAK-KATONYA,2017.5,48.833,55.0,0.592,,,,70.0,,,,110.0,,28.333,100.0,2020
Kato-Rwangura,RUKUNGIRI,NYAK-KATONYA,934.0,54.25,25.333,1.098,81.667,,,,,,,,,30.0,0.0,2020
Katuugu,KYENJOJO,KISANSA,1076.923,40.154,23.692,0.496,249.444,150.667,20.5,,933.333,,,7.0,,41.75,97.5,2020
Katuugu Central,KYENJOJO,KISANSA,1248.417,42.0,43.75,0.654,128.25,,,,400.0,,,,,10.667,9.5,2020
Keiha,KAGADI,MABERENGA,1194.5,45.333,79.583,0.323,265.0,,,,245.0,,,,,15.0,0.0,2020
Kengyeya,MITOOMA,RWOBURUNGA,0.0,51.333,43.333,1.585,,,4.5,,,,,7.0,,0.0,,2020
Kenshumba,MITOOMA,KATAGATA,1617.417,44.5,31.583,1.104,85.25,,,,,,,,,51.4,92.8,2020
Kibaya,MITOOMA,KASHASHA,578.5,49.583,37.083,0.896,95.5,,1.667,,,50.0,,6.5,35.5,18.0,9.2,2020
Kibingo,MITOOMA,KASHASHA,1175.083,46.5,29.167,1.371,110.0,,,,19.25,,,8.4,85.0,73.333,109.778,2020
Kibishamwika,MITOOMA,KIYANGA,1249.333,47.75,79.167,1.508,116.875,20.0,2.75,,800.0,,,6.0,,166.25,206.25,2020
Kibiso,KAGADI,KAMUSEEGU,1268.167,51.417,39.583,0.669,295.0,,,,280.0,,,,,61.333,150.0,2020
Kibungo 1A,MITOOMA,KANYABWANGA,618.25,50.083,37.917,1.96,141.5,,4.8,35.0,30.0,,,5.889,13.0,102.0,212.727,2020
Kibungo 1B,MITOOMA,KANYABWANGA,849.083,43.417,40.0,0.854,45.0,1.5,2.0,62.5,,,,4.4,54.0,21.25,50.667,2020
Kibungo 2,MITOOMA,KANYABWANGA,0.0,44.417,47.333,0.525,57.0,,,,,,,2.25,,20.0,10.0,2020
Kicwamba A,KAGADI,KISUURA,1278.455,51.273,110.0,1.673,145.0,,6.0,,305.0,,,,,10.0,0.0,2020
Kidukuru,KYENJOJO,BATALIKA,1181.667,46.333,80.417,1.075,167.5,13.333,,,138.333,,,,,40.0,21.0,2020
Kigata,KAGADI,KATELEMWA,1266.833,39.75,59.583,0.935,118.833,,,,90.0,,,,,16.2,12.25,2020
Kigimbi A,MITOOMA,RYENGYERERO,1578.833,52.75,17.083,1.977,76.667,,,,,470.0,,,,105.9,116.667,2020
Kigimbi B,MITOOMA,RYENGYERERO,779.083,46.583,41.667,1.179,48.0,,3.5,,,,,,,0.0,0.0,2020
Kigimbi C,MITOOMA,RUTOOMA,774.833,52.333,40.667,1.082,102.4,,,,,,,2.333,,95.417,131.429,2020
Kigimbi D,MITOOMA,RUTOOMA,703.692,48.833,27.917,1.871,95.0,,,,40.0,,,10.0,50.0,103.333,143.0,2020
Kigunga A,MITOOMA,KATI,125.583,46.333,37.917,0.493,107.625,,,,,,,2.0,,40.0,75.0,2020
Kigunga B,MITOOMA,KATI,1539.583,48.583,34.167,1.717,142.571,,,,,,,,20.0,70.455,130.0,2020
Kigyende 1B,MITOOMA,KANYABWANGA,496.0,40.667,38.167,1.712,90.0,,,160.0,,,,,,81.6,132.0,2020
Kigyende 2,MITOOMA,KANYABWANGA,1161.75,40.25,32.083,1.59,130.0,,,,20.0,,,12.0,50.0,103.333,71.667,2020
Kiha-Bujerengye,KANUNGU,KIRI-KIHANDA,1457.364,53.636,31.0,1.357,133.9,,,,,,,6.5,125.0,320.364,166.667,2020
Kiha-Ibarya,KANUNGU,KIRI-KIHANDA,1325.583,48.167,52.5,0.892,50.429,,,53.0,19.0,,,12.3,,36.429,107.625,2020
Kiha-Katembe,KANUNGU,KIRI-KIHANDA,1324.25,56.75,20.917,1.145,92.75,,1.5,,190.0,,,,,226.667,10.0,2020
Kiha-Kihumuro,KANUNGU,KIRI-KIHANDA,1411.917,43.25,21.25,1.062,58.8,,,,98.0,,,,,157.111,183.333,2020
Kiha-Nyakagezi,KANUNGU,KIRI-KIHANDA,1368.333,58.0,40.417,1.021,39.143,,0.0,,34.0,30.0,,,40.0,2.25,0.0,2020
Kiha-Nyakarambi,KANUNGU,KIRI-KIHANDA,1340.375,55.25,36.875,1.3,148.5,,,28.0,476.667,,,,,5.0,,2020
Kiha-Nyakatoma,KANUNGU,KIRI-KIHANDA,1412.846,39.462,55.0,0.895,133.0,,1.5,,67.5,,,,,119.25,50.667,2020
Kiha-Nyakibuga,KANUNGU,KIRI-KIHANDA,1425.2,53.9,26.5,1.394,107.714,,5.25,,204.0,,,5.25,,126.4,412.222,2020
Kiha-Nyamizi,KANUNGU,KIRI-KIHANDA,1387.167,44.083,21.0,2.46,80.0,,10.0,,124.333,75.0,,,,182.25,262.75,2020
Kiha-Nyaruharo,KANUNGU,KIRI-KIHANDA,1375.75,42.417,66.667,1.417,81.714,,10.333,,18.0,,,9.667,,64.091,253.25,2020
Kiha-Omurwambu,KANUNGU,KIRI-KIHANDA,1385.333,51.333,15.833,1.022,110.2,,6.5,,123.75,,,7.5,,200.5,174.333,2020
Kiha-Rurama,KANUNGU,KIRI-KIHANDA,1525.667,43.167,47.917,0.687,51.875,,,,20.0,,,,,9.167,,2020
Kiha-Rutonde,KANUNGU,KIRI-KIHANDA,1462.417,46.5,34.833,1.104,67.5,,7.0,,,,,6.0,,83.571,35.0,2020
Kiha-Rwendahi,KANUNGU,KIRI-KIHANDA,1203.0,47.154,22.923,0.991,116.143,,,,180.0,,,7.0,,62.0,200.5,2020
Kiha-Rwenkyende,KANUNGU,KIRI-KIHANDA,1402.833,46.167,24.833,1.161,114.375,,,,114.333,,,8.0,,180.5,144.4,2020
Kihungye,MITOOMA,KASHASHA,1163.25,51.083,24.583,1.827,56.429,,,,,450.0,,4.5,,49.667,198.571,2020
Kijebera A,KYENJOJO,KIJEBERA,1272.923,42.385,40.769,1.212,152.5,,6.0,,356.667,,,10.0,,66.111,180.0,2020
Kijebera B,KYENJOJO,KIJEBERA,1293.583,37.75,52.5,1.325,202.625,9.833,8.0,,425.5,,,9.0,,23.0,14.5,2020
Kijengi,KYENJOJO,KIJENGI,1249.417,34.5,58.604,1.896,276.667,4.0,,,1840.0,,,,,140.0,,2020
Kinyama,KYENJOJO,KISENGYA,1322.667,36.091,59.091,0.296,227.5,4.0,,,295.0,,,,700.0,121.429,20.0,2020
Kirama,MITOOMA,KIYANGA,613.455,48.182,40.909,1.326,45.333,,,,,,,,,0.0,,2020
Kisaara A,KAGADI,NYAMASA,1285.75,38.583,38.0,2.358,,,,,,,,,,,1.0,2020
Kisaara B,KAGADI,NYAMASA,1288.25,38.167,32.917,1.379,,,,,,,,,,0.0,625.0,2020
Kisansa,KYENJOJO,KISANSA,1185.231,49.833,60.833,1.973,199.286,3.156,2.667,,1109.0,,,2.5,,1147.0,78.0,2020
Kisengya,KYENJOJO,KISENGYA,1268.444,40.556,34.444,1.494,54.0,8.167,,,1286.667,,,2.0,,,,2020
Kisiizi 1,MITOOMA,KIYANGA,574.167,41.667,56.667,0.948,53.333,,3.3,,,85.0,,5.429,,73.75,176.818,2020
Kisiizi 2,MITOOMA,KIYANGA,777.0,45.333,47.917,0.542,124.0,,,,,,,2.667,,38.75,27.0,2020
Kisungu A,KAGADI,KISUNGU,1254.917,40.667,37.958,1.002,248.0,,,,,,,,,0.0,,2020
Kisuura A,KAGADI,KISUURA,1239.333,44.75,40.833,0.857,221.25,,,,,,,,,25.0,0.0,2020
Kisuura B,KAGADI,KISUURA,1241.167,26.583,59.167,0.448,150.0,,,,325.0,,,,,24.375,2038.0,2020
Kisuura C,KAGADI,KISUURA,1233.75,39.167,22.417,0.407,306.0,,,,,,,,,22.667,,2020
Kitabugika,KAGADI,KATELEMWA,638.917,42.417,40.875,1.652,176.667,,,,365.0,,,,,30.0,,2020
Kitaka A,MITOOMA,KATI,1441.583,47.667,41.667,2.125,76.875,,,,,,,,,,300.0,2020
Kitaka B,MITOOMA,KATI,1463.833,44.0,60.833,0.588,78.2,,,,,,,4.0,,,,2020
Kitega,KYENJOJO,KITEGA,1255.417,43.75,43.333,3.425,133.75,2.86,,,842.857,,,6.0,,120.857,,2020
Kitongole,KYENJOJO,KISENGYA,1194.842,38.556,39.722,2.063,282.308,28.2,,,1916.0,,,,,107.692,24.6,2020
Kitonzi,KAGADI,NYAKARONGO,1255.455,45.0,78.636,0.582,227.5,,,,,,,,,,100.0,2020
Kitumba,KYENJOJO,NYAMICU,1282.462,38.154,63.846,1.929,84.556,10.667,,,895.5,,,50.0,,55.0,2.0,2020
Kitusi,KAGADI,KAMUSEEGU,1265.333,43.917,60.833,0.469,138.889,90.0,,75.0,376.667,,,,,0.0,,2020
Koburunga,MITOOMA,KANYABWANGA,1197.75,43.333,33.083,1.271,92.333,,,,,176.0,,,140.0,20.0,30.429,2020
Kyabairu,KAGADI,NYAKARONGO,1231.167,44.75,73.333,0.878,314.1,132.75,0.0,,324.375,,,100.0,,,400.0,2020
Kyabasengya,KAGADI,KABUGA,1229.167,43.167,43.333,1.545,168.333,4.0,,,515.0,,,,,34.0,303.333,2020
Kyabayaga A,KAGADI,KISUURA,1329.333,41.25,69.417,0.78,21.0,,8.0,,106.0,,,,,0.0,,2020
Kyabayaga B,KAGADI,KISUURA,1281.333,42.5,45.0,0.351,105.0,18.5,,,65.0,,,,,,,2020
Kyabubale,KYENJOJO,KANYEGARAMIRE,1253.083,51.0,22.917,2.038,368.583,12.1,,,1042.333,,,,,44.286,2.167,2020
Kyabukama,MITOOMA,RWANJA EAST,1597.917,51.25,49.167,0.871,86.25,,,,,,,,,,,2020
Kyabuzigye A,MITOOMA,BWERA,781.833,45.333,40.833,1.588,106.875,,3.2,,65.0,,,6.8,,236.667,207.5,2020
Kyabuzigye B,MITOOMA,BWERA,645.833,45.333,33.75,1.362,95.556,,1.667,,90.0,,,5.944,,201.667,215.0,2020
Kyabuzigye C,MITOOMA,RUCENCE,757.5,48.917,36.667,0.821,43.143,,,,,,,,,168.0,60.0,2020
Kyakahigwa,KYENJOJO,KYAMUGARRA,1162.077,47.692,102.923,1.446,340.0,18.0,,,1550.0,,,,,25.0,,2020
Kyakanyoro,KYENJOJO,KYAMUGARRA,1267.467,48.867,56.667,1.403,131.538,10.375,4.0,,375.556,,,,,74.143,,2020
Kyakasoro,KAGADI,NYAKARONGO,1245.917,37.917,30.0,0.876,255.0,,,,450.0,,,,,10.0,,2020
Kyamugara,KYENJOJO,KYAMUGARRA,1295.0,48.333,75.0,1.046,150.0,25.2,3.0,,708.75,,,,,91.25,225.25,2020
Kyamutuara,KYENJOJO,BATALIKA,1262.917,44.25,48.75,1.047,13.75,0.0,,,749.167,,,,40.0,25.0,11.25,2020
Kyankorogoto,KAGADI,KABUGA,1203.5,54.583,35.0,1.723,140.2,,,,200.0,,,,,,140.0,2020
Kyanyarare,KAGADI,NYAMACUMU,723.083,39.167,43.75,0.892,195.0,27.0,5.0,,,,,,170.0,,950.0,2020
Kyeibumba,KYENJOJO,MBURARA,1181.091,47.455,54.545,1.655,190.0,5.167,26.0,,1348.75,,,,,81.25,324.0,2020
Kyemengo,MITOOMA,KAGATI,1150.917,39.333,56.667,0.792,75.0,,,,,,,,,100.0,150.0,2020
Kyes-Bweronde,KANUNGU,KAYO-KYESHERO,1299.75,50.083,17.167,1.537,46.571,,114.5,,202.0,119.0,,3.75,98.0,47.833,116.5,2020
Kyes-Kakureijo,KANUNGU,KAYO-KYESHERO,1243.167,45.0,32.083,1.19,59.5,,,,,130.0,,,,,376.0,2020
Kyes-Kashenyi,KANUNGU,KAYO-KYESHERO,1484.083,35.167,117.5,0.763,198.75,,,,170.0,,,,,120.0,65.0,2020
Kyes-Katiba,KANUNGU,KAYO-KYESHERO,1462.0,45.167,90.0,0.724,191.0,,20.0,,250.0,71.5,,,,60.0,82.4,2020
Kyes-Kyeshero Central,KANUNGU,KAYO-KYESHERO,1286.077,46.385,37.923,1.764,88.75,,,,400.0,95.0,,,,41.444,37.167,2020
Kyes-Mboha,KANUNGU,KAYO-KYESHERO,1311.833,49.417,26.25,1.378,53.4,,24.0,,31.25,50.0,,,,3.5,0.0,2020
Kyes-Nyakishojwa,KANUNGU,KAYO-KYESHERO,1220.417,48.5,51.25,0.682,64.286,,,30.0,,72.5,,9.0,23.0,31.429,60.5,2020
Kyes-Nyamirambi,KANUNGU,KAYO-KYESHERO,1307.083,46.75,48.75,1.733,107.5,,30.0,,,,,13.0,17.5,62.4,212.857,2020
Kyeshabo,MITOOMA,KIYANGA,0.0,38.5,68.333,0.968,40.0,,,,,,,,,118.5,113.333,2020
Kyibogoya,KYENJOJO,KYAMUGARRA,1285.471,51.588,55.765,1.535,233.636,5.275,4.5,,570.0,,,5.5,,65.0,28.333,2020
Mabaale A,KAGADI,KISUNGU,1206.0,46.333,81.0,2.294,395.0,,6.0,,442.5,,,,,25.0,215.0,2020
Mabaale B,KAGADI,KISUNGU,1197.417,44.917,32.167,1.258,240.0,,,,2477.5,,,,,,,2020
Maberenga A,KAGADI,MABERENGA,1231.667,40.667,62.917,0.35,193.889,,,,495.6,,,,,70.0,900.0,2020
Maberenga B,KAGADI,MABERENGA,1209.833,50.75,36.75,1.751,170.0,,,,80.0,,,,,53.333,1.25,2020
Maberenga C,KAGADI,MABERENGA,1227.417,41.417,46.25,0.34,201.111,,,,556.0,,,,,20.0,10.0,2020
Magusuru,KAGADI,NYAKARONGO,1233.571,41.917,102.5,0.321,335.0,,,,,,,,,10.0,,2020
Matuntu,KAGADI,NYAMASA,1290.667,50.25,87.5,1.854,750.0,,,,,,,,,,40.0,2020
Mayanga A,MITOOMA,MAYANGA,1519.833,47.0,30.417,1.206,73.0,,,,,,,,,68.444,268.182,2020
Mayanga B,MITOOMA,MAYANGA,0.0,50.917,52.083,0.666,48.143,,,,,,,,,162.833,,2020
Mayanga C,MITOOMA,MAYANGA,1554.083,45.75,45.0,1.083,80.0,,,,,,,,,48.333,2.0,2020
Mayanga D,MITOOMA,MAYANGA,1556.333,58.917,91.25,0.35,180.0,,,,,,,,,40.0,80.0,2020
Mburara,KYENJOJO,MBURARA,1218.583,34.5,35.0,1.323,440.667,9.0,12.0,,1246.667,,,8.5,,158.0,432.5,2020
Mubembe,KYENJOJO,MUBEMBE,1183.083,37.083,60.333,1.46,278.333,4.833,2.575,,1148.75,,,,,130.0,50.0,2020
Mugambaje,KYENJOJO,RUKUKURU,1219.5,42.417,38.333,1.121,213.75,,7.0,,580.0,,,,,128.333,,2020
Muhumule,KYENJOJO,KIJEBERA,1327.091,48.636,81.818,1.309,132.222,2.0,76.833,,323.75,,,,,45.0,61.25,2020
Mukibingo,KYENJOJO,BYERWA,1232.0,40.583,77.5,1.096,205.0,25.333,,,2300.0,,,,,25.0,1000.0,2020
Mukigaiga,KYENJOJO,MUBEMBE,1170.077,50.0,53.333,1.5,715.111,18.0,,,313.333,,,6.0,,73.333,956.25,2020
Mukikona,KYENJOJO,MBURARA,1174.25,41.417,45.833,1.085,222.429,9.333,4.0,,492.6,,,,,92.222,47.5,2020
Muko-Buhoma,KANUNGU,KAYO-MUKONO,1434.833,46.917,10.667,1.965,88.25,,87.667,,,110.0,,6.333,80.0,98.545,40.0,2020
Muko-Iraaro,KANUNGU,KAYO-MUKONO,1410.875,40.0,83.125,2.594,14.0,,5.0,,,260.0,,15.0,,95.0,146.667,2020
Muko-Kanyamisinga,KANUNGU,KAYO-MUKONO,1413.6,41.0,22.5,1.318,33.0,,,,,31.0,,17.667,,5.5,,2020
Muko-Kanyashande,KANUNGU,KAYO-MUKONO,1395.333,42.667,31.667,1.017,,,2.0,,32.0,100.0,,,,48.0,96.667,2020
Muko-Kashebeya,KANUNGU,KAYO-MUKONO,1416.3,51.9,55.0,0.73,69.143,,6.25,,114.0,133.333,,3.5,,71.111,75.556,2020
Muko-Kyumbuguchu,KANUNGU,KAYO-MUKONO,1420.833,36.417,25.833,0.895,93.75,,,,,170.0,,3.25,,15.0,2.0,2020
Muko-Mukongoro,KANUNGU,KAYO-MUKONO,1538.769,41.538,73.846,1.206,69.5,,2.5,,70.0,55.0,,,,10.0,23.857,2020
Muko-Mukono,KANUNGU,KAYO-MUKONO,1062.583,52.667,32.333,1.933,44.667,,21.0,,36.5,,,16.0,,213.333,277.5,2020
Muko-Nkwenda,KANUNGU,KAYO-MUKONO,1482.417,43.917,30.417,4.098,91.5,,30.0,,58.333,80.0,,19.8,55.0,2.0,,2020
Muko-Nyakeina,KANUNGU,KAYO-MUKONO,1402.417,46.083,57.083,1.642,41.0,,19.0,,58.167,49.5,,,,30.0,,2020
Muko-Rubona,KANUNGU,KAYO-MUKONO,1567.917,38.833,123.75,1.808,,,,,,,,18.5,,137.857,264.444,2020
Munjeru,KYENJOJO,KISENGYA,1370.182,48.455,67.727,1.419,225.0,5.5,3.5,,420.0,,,3.0,100.0,111.667,11.25,2020
Munywambogo,KYENJOJO,NYAMICU,1257.273,43.364,39.091,1.055,316.667,10.333,,,626.0,,,,,34.286,26.8,2020
Mura-Kabaranga,RUKUNGIRI,NYAK-MURAMA,0.0,49.143,111.429,1.5,125.0,,4.7,,65.0,,,8.571,,194.286,353.333,2020
Mura-Kabaranga,Rukungiri,NYAK-MURAMA,0.0,46.6,50.4,0.56,147.4,,2.0,110.0,112.5,,,5.125,,208.0,1515.0,2020
Mura-Kagorogoro,RUKUNGIRI,NYAK-MURAMA,0.0,36.273,24.273,1.461,101.25,,,90.0,,,,,,80.571,25.0,2020
Mura-Kahama,RUKUNGIRI,NYAK-MURAMA,1863.167,43.083,16.167,1.758,163.714,,,,,,,,,69.583,23.5,2020
Mura-Mugina,RUKUNGIRI,NYAK-MURAMA,1718.833,51.667,22.917,1.396,213.75,,,20.0,,,,,,57.5,3.0,2020
Mura-Nangara,RUKUNGIRI,NYAK-MURAMA,1865.0,53.583,86.5,1.089,108.0,,,,,,,4.0,,62.778,55.0,2020
Mura-Ndaragi,RUKUNGIRI,NYAK-MURAMA,865.917,45.333,45.833,1.042,81.333,,,80.0,50.0,,,1.167,,75.0,201.75,2020
Mura-Nyabyogo,RUKUNGIRI,NYAK-MURAMA,1639.909,49.818,36.0,0.958,65.5,,,,,,,,,,,2020
Mura-Nyamabare,RUKUNGIRI,NYAK-MURAMA,949.083,48.917,70.417,2.554,144.333,,,,91.0,,,9.2,,149.455,167.5,2020
Mura-Nyarubare,RUKUNGIRI,NYAK-MURAMA,0.0,50.0,51.429,1.964,145.833,,5.0,,80.0,,,9.25,,165.0,228.75,2020
Mura-Nyarubare,Rukungiri,NYAK-MURAMA,0.0,38.2,19.6,0.675,136.0,60.0,,,61.5,,,1.75,,190.0,15.0,2020
Mura-Omukatooma,RUKUNGIRI,NYAK-MURAMA,1795.833,50.0,55.833,1.683,56.833,,,170.0,,,,2.0,,,,2020
Mura-Omukatooma,Rukungiri,NYAK-MURAMA,1219.333,51.667,16.333,0.167,,,,,,,,,,30.0,,2020
Mura-Omurutezo,RUKUNGIRI,NYAK-MURAMA,1845.333,47.167,62.5,1.832,91.714,,,,78.0,,,,,,,2020
Mura-Rushebeya,RUKUNGIRI,NYAK-MURAMA,0.0,46.333,58.333,1.083,135.6,,2.25,,56.25,,,10.8,,120.0,22.5,2020
Mura-Rushebeya,Rukungiri,NYAK-MURAMA,0.0,57.5,23.333,1.033,60.833,,,,,,,5.2,,136.0,200.0,2020
Murambi,MITOOMA,RUREHE SOUTH,793.583,51.167,34.583,0.829,101.875,,,,25.0,,,2.333,,88.75,106.875,2020
Mutanoga,MITOOMA,RWAMUJURA,0.0,44.833,36.667,1.995,109.286,,,,,,,,80.0,256.8,340.4,2020
Muzinga,MITOOMA,RWOBURUNGA,1156.167,52.25,66.667,1.642,63.0,,3.0,,,,,2.5,,85.0,175.0,2020
Muzizi,KYENJOJO,KISANSA,1173.583,38.0,44.167,1.1,152.9,3.062,4.2,,640.0,,,7.0,,107.5,384.0,2020
Ndurumo,MITOOMA,KASHASHA,1152.667,48.0,24.167,0.458,250.0,,,,,,,,,35.0,,2020
Ndurumo,MITOOMA,RWOBURUNGA,1165.389,42.722,46.389,0.972,60.667,,,,,,,,,74.455,35.143,2020
Ngom-Burera,Rukungiri,NYAK-NGOMA,759.077,44.833,32.083,1.081,98.75,,,,32.0,,,8.95,,139.091,100.0,2020
Ngom-Kabingo,Rukungiri,NYAK-NGOMA,1281.833,52.167,52.5,0.646,51.222,,,,20.0,25.0,,17.6,,20.0,,2020
Ngom-Kacence,Rukungiri,NYAK-NGOMA,0.0,54.75,61.25,1.633,129.0,6.0,7.5,65.0,58.2,,135.0,9.6,,174.667,178.7,2020
Ngom-Kanyabutaye,Rukungiri,NYAK-NGOMA,842.833,42.583,57.5,1.315,107.25,,,,20.0,,,,,0.0,0.0,2020
Ngom-Kigarama,Rukungiri,NYAK-NGOMA,1597.083,47.75,64.167,1.062,97.875,,,,,,,3.0,,64.333,35.0,2020
Ngom-Nyabisoni,Rukungiri,NYAK-NGOMA,915.25,46.667,77.5,0.75,172.0,,,,215.0,,,1.833,,143.75,82.917,2020
Ngom-Ruhita-Nkombe,Rukungiri,NYAK-NGOMA,1634.25,37.25,82.083,1.223,209.5,,,,250.0,,201.0,2.4,,169.444,235.556,2020
Ngom-Rurindo,Rukungiri,NYAK-NGOMA,134.583,47.917,52.083,0.57,43.5,,,,,,,2.0,,,,2020
Ngom-Rwere,Rukungiri,NYAK-NGOMA,1650.417,47.833,44.167,0.792,173.0,,,,,,,,,31.333,,2020
Ngoma A,KAGADI,NGOMA,1264.333,35.583,45.833,0.887,176.667,20.0,,,590.0,,,,2.0,28.333,60.0,2020
Ngoma B,KAGADI,NGOMA,1265.5,50.333,39.583,2.375,246.0,8.0,,,562.5,,,,250.0,31.25,60.667,2020
Nkongi,MITOOMA,KASHASHA,585.833,44.667,19.25,1.382,32.625,,2.25,,,35.0,,,,,0.0,2020
Ntungamo,MITOOMA,RWANJA WEST,1684.267,48.933,57.333,1.26,23.167,,,,,,,2.0,,121.733,53.6,2020
Ntuutu,KYENJOJO,RUKUKURU,1233.417,45.917,35.417,2.808,244.5,7.0,,,788.889,,,,,191.667,10.0,2020
Nyabinanga,KAGADI,NYAMASA,1285.833,43.417,79.167,3.224,196.0,16.0,2.25,,173.333,,3.0,,,17.0,155.0,2020
Nyabirungi,KYENJOJO,MUBEMBE,1194.167,36.167,56.667,1.017,186.909,4.2,4.6,,1228.0,,,8.0,,37.5,213.333,2020
Nyabubaare,MITOOMA,KAGATI,459.167,34.583,78.333,0.579,26.833,,10.0,,,,,,20.0,240.0,65.0,2020
Nyaburungi,KAGADI,KABUGA,1230.917,46.583,59.167,0.971,63.75,,,,650.0,,,,,11.667,0.0,2020
Nyaburungi,KYENJOJO,BYERWA,1230.923,43.0,62.308,1.481,207.5,12.7,3.4,,493.636,,,6.5,,58.333,36.667,2020
Nyabusozi,KYENJOJO,NYAMICU,1255.0,39.417,51.25,1.967,220.0,2.267,1.7,,863.333,,,,,232.222,105.0,2020
Nyabutembe,MITOOMA,RUREHE SOUTH,1666.083,57.083,25.667,1.812,85.375,,,,,,,,,70.417,58.5,2020
Nyabyondo,MITOOMA,RWOBURUNGA,1326.75,45.5,20.833,1.379,84.5,,,,13.0,,,8.0,15.0,80.0,61.5,2020
Nyakabale A,KAGADI,NYAMASA,1292.25,50.75,31.417,0.629,287.167,,8.0,,400.0,,,,,58.0,0.0,2020
Nyakabale B,KAGADI,NYAMASA,1295.333,41.5,86.667,1.219,90.0,,,,80.0,,,,2.5,49.9,225.0,2020
Nyakabungo,KYENJOJO,KYAMUGARRA,1245.056,49.0,28.333,0.181,87.556,9.0,,,170.0,,,,,16.25,10.0,2020
Nyakagongo,MITOOMA,RWOBURUNGA,639.833,46.25,53.333,1.183,93.9,20.75,4.75,,,,,5.045,65.0,58.333,223.333,2020
Nyakagyera,MITOOMA,IRARAMIRA,612.417,44.0,57.333,1.401,45.0,,,,,,,2.0,,,,2020
Nyakanengo,MITOOMA,RUREHE SOUTH,842.917,49.833,51.25,0.75,110.3,,,,36.667,,,5.1,,70.909,78.571,2020
Nyakarongo Central,KAGADI,NYAKARONGO,1247.667,46.75,30.833,0.771,337.5,,,,650.0,,,,,,,2020
Nyakarongo Hemu,KAGADI,NYAKARONGO,605.417,40.083,52.5,1.415,,,,,,,,,,50.0,100.0,2020
Nyakarungi,KYENJOJO,BIGANDU,1254.385,42.833,36.667,1.308,127.312,8.667,11.333,,933.333,,,5.0,207.5,29.0,51.5,2020
Nyakashebeya,MITOOMA,KAGATI,1078.667,44.333,22.417,2.035,65.0,,,,,,,,,52.0,200.0,2020
Nyakatooma A,MITOOMA,MAYANGA,1011.167,48.333,47.5,1.042,62.778,,,,,,,2.75,,42.857,1.667,2020
Nyakatooma B,MITOOMA,MAYANGA,843.923,61.462,48.462,1.252,127.778,,,,,80.0,,2.0,,224.167,297.0,2020
Nyakinengo,MITOOMA,RWANJA WEST,1687.5,46.25,35.0,1.25,227.5,,,,,115.0,,,,36.0,45.0,2020
Nyamacumu A,KAGADI,NYAMACUMU,1255.083,49.333,49.583,0.653,256.625,,,,,,,,,45.5,200.0,2020
Nyamacumu B,KAGADI,NYAMACUMU,1249.833,43.833,48.75,5.848,320.0,16.0,,,300.0,,,,,68.333,1.5,2020
Nyamalembo A,KAGADI,NGOMA,1246.667,51.5,71.667,1.344,157.727,,,,657.5,,,,85.0,95.333,80.0,2020
Nyamalembo B,KAGADI,NGOMA,619.083,43.917,54.167,1.218,217.5,,10.0,,850.0,,,,,800.0,287.5,2020
Nyamalembo C,KAGADI,NGOMA,1254.833,46.833,58.167,0.908,163.333,,,,223.333,,,,,23.6,100.0,2020
Nyamasa,KAGADI,NYAMASA,1296.5,48.75,26.333,0.692,168.333,,,,,,,,,45.0,,2020
Nyamicu,KYENJOJO,NYAMICU,1302.583,44.917,42.75,1.271,169.286,9.125,,,1141.667,,,,,123.333,,2020
Nyamigisa,KYENJOJO,BATALIKA,1140.167,42.75,36.0,4.55,416.818,4.969,16.3,,1314.0,,,11.5,80.0,187.091,503.0,2020
Nyamigisa A,KAGADI,NYAMACUMU,1253.25,54.583,27.5,2.938,90.0,,,,438.333,,,,,180.0,533.333,2020
Nyamigisa B,KAGADI,NYAMACUMU,1040.0,47.5,47.917,1.616,130.0,,,,,,,,,20.0,166.667,2020
Nyamihindi,KYENJOJO,MUBEMBE,537.818,45.818,45.0,1.749,176.111,7.0,15.0,,1851.25,,,,,98.571,196.667,2020
Nyamirembe,KAGADI,KATELEMWA,1272.818,45.0,86.364,1.682,442.5,,,,,,,,,,,2020
Nyamisheshe,MITOOMA,RWANJA EAST,801.5,46.0,44.583,0.935,130.556,,3.0,,40.0,,,6.35,,153.0,204.0,2020
Nyandago A,MITOOMA,BWERA,1524.667,51.583,55.833,0.583,38.5,,,,,,,5.0,,65.0,100.0,2020
Nyandago B,MITOOMA,BWERA,1318.5,45.25,50.083,1.707,48.0,,1.5,,,,,1.5,,,,2020
Nyandago C,MITOOMA,BWERA,791.0,49.833,37.917,1.104,68.833,,4.0,,,,,3.6,,25.455,37.429,2020
Nyandongo,KYENJOJO,KITEGA,771.583,40.667,85.0,1.074,238.3,3.0,12.0,,984.0,,,,,745.0,150.0,2020
Nyanga,MITOOMA,KIYANGA,581.25,50.167,39.167,0.633,47.9,,1.25,,,60.0,,3.0,69.0,22.5,1.875,2020
Nyankubebe A,KAGADI,NYAMASA,1290.667,36.167,40.0,0.606,46.0,,,,,,,,,2.5,6.0,2020
Nyar-Butare,RUKUNGIRI,NYAK-NYARUGANDO,0.0,45.25,70.417,0.604,116.25,,,55.0,96.667,,,3.25,,42.333,132.0,2020
Nyar-Keina,RUKUNGIRI,NYAK-NYARUGANDO,1579.333,39.667,23.333,0.656,91.333,,,,,,,,,54.667,74.0,2020
Nyar-Kiina,RUKUNGIRI,NYAK-NYARUGANDO,1369.0,42.727,33.727,0.794,43.0,,,,,35.0,,,,,,2020
Nyar-Marashaniro,RUKUNGIRI,NYAK-NYARUGANDO,1612.25,38.833,51.25,2.383,136.25,,2.0,,55.0,,,3.5,,240.545,119.5,2020
Nyar-Nyamitanga,Rukungiri,NYAK-NYARUGANDO,774.0,43.75,35.0,3.746,346.0,11.0,4.0,,82.0,110.0,,11.4,123.333,249.167,137.5,2020
Nyar-Nyarubare,RUKUNGIRI,NYAK-NYARUGANDO,0.0,51.667,25.417,1.396,156.667,,,,107.5,,,,60.0,48.571,132.5,2020
Nyar-Nyarutuntu,RUKUNGIRI,NYAK-NYARUGANDO,727.167,44.417,61.25,0.359,34.8,,,,33.0,,,5.0,,,,2020
Nyar-Rwengoha,RUKUNGIRI,NYAK-NYARUGANDO,1561.417,35.417,32.083,0.896,116.25,,,,475.0,,,,,54.083,0.0,2020
Nyaruhita,MITOOMA,RUREHE SOUTH,1662.333,58.583,55.25,0.935,72.25,,,,,,,,,82.0,73.333,2020
Nyarushinya,MITOOMA,KASHASHA,571.167,46.833,62.5,0.979,81.667,,,,,,,2.0,,42.5,147.143,2020
Nyaruzinga,MITOOMA,RWANJA EAST,1683.333,55.75,39.583,2.729,77.143,,,,,,,4.0,,70.667,670.0,2020
Nyaruzinga A,MITOOMA,MAYANGA,898.417,38.25,50.417,0.742,50.333,,,,,,,1.667,20.0,0.0,0.0,2020
Nyaruzinga B,MITOOMA,MAYANGA,1525.333,53.917,45.833,2.877,76.556,,,,,,,,,79.182,432.889,2020
Nyaruzinga C,MITOOMA,MAYANGA,1495.333,53.417,37.083,3.062,335.0,,,,,,,,,67.917,129.4,2020
Nyarwanya,MITOOMA,RWANJA EAST,1629.917,48.833,32.333,1.686,124.0,,,,,,,,,62.143,57.667,2020
Nyarwanya A,MITOOMA,KATAGATA,1585.0,53.769,66.154,1.01,32.0,,,,,,,,,305.0,346.667,2020
Nyarwanya B,MITOOMA,KATAGATA,1561.75,55.333,58.333,1.458,94.286,,,,,,,2.0,,121.583,200.417,2020
Nyungu,KYENJOJO,BATALIKA,808.417,43.917,65.0,1.22,306.286,240.0,3.0,,1710.75,,,,,69.286,0.0,2020
Omububare,MITOOMA,RUREHE SOUTH,1402.167,47.667,27.917,0.958,61.875,,3.0,,,,,1.4,,40.0,1.333,2020
Omumwino,MITOOMA,RUREHE SOUTH,1710.417,52.5,46.667,1.308,62.0,,,,,,,,,93.0,52.5,2020
Orujeebe,MITOOMA,RWANJA EAST,818.667,50.167,45.0,0.845,42.0,,,,,,,,,0.0,0.0,2020
Rubanga,MITOOMA,RUREHE SOUTH,1649.0,60.5,41.25,1.472,50.0,,,,,,,,,,100.0,2020
Rubaya,MITOOMA,RWOBURUNGA,555.75,37.333,38.333,0.833,50.625,,3.5,,,,,2.0,60.25,0.0,4.167,2020
Rubi-Bukono,KANUNGU,KIRI-RUBIMBWA,1420.5,46.3,25.2,1.125,67.857,4.5,4.6,,40.2,,,6.5,72.0,89.75,72.143,2020
Rubi-Kajubwe,KANUNGU,KIRI-RUBIMBWA,1471.0,50.667,83.333,1.361,24.333,,301.0,,,,,,,48.0,22.333,2020
Rubi-Kashaki,KANUNGU,KIRI-RUBIMBWA,1367.727,57.455,110.909,1.245,64.0,,9.667,,,,,13.0,16.0,33.889,677.75,2020
Rubi-Kasoni,KANUNGU,KIRI-RUBIMBWA,1419.25,54.125,58.125,0.734,41.8,,3.0,,55.5,,,13.5,,70.0,12.2,2020
Rubi-Kitunga,KANUNGU,KIRI-RUBIMBWA,1428.091,47.455,125.455,3.714,131.667,,10.0,,120.0,,,14.0,,161.778,151.25,2020
Rubi-Nyakabungo,KANUNGU,KIRI-RUBIMBWA,1384.364,43.727,25.455,1.377,61.857,,,,,,,,60.0,408.0,150.0,2020
Rubi-Nyarwemarira,KANUNGU,KIRI-RUBIMBWA,1422.1,46.4,45.5,1.515,98.25,,8.0,,249.0,,,8.5,,115.143,57.75,2020
Rubi-Ruheza,KANUNGU,KIRI-RUBIMBWA,1342.25,48.75,69.583,0.562,47.0,,3.5,,,,,,,47.833,76.667,2020
Rubirizi,MITOOMA,RUREHE SOUTH,0.0,49.667,59.167,1.247,62.0,,,,100.0,72.5,,,,280.0,,2020
Rucence A,MITOOMA,RUCENCE,750.917,41.583,32.917,0.729,51.2,,2.625,,36.5,,,2.333,,36.875,1.667,2020
Rucence B,MITOOMA,RUCENCE,756.833,46.917,41.75,1.357,57.312,95.0,,,,,,,,148.0,200.0,2020
Rucururu,MITOOMA,RWAMUJURA,770.0,59.167,54.167,0.979,117.167,,,,,,,3.333,,96.364,94.727,2020
Rugana,KAGADI,NGOMA,1299.667,41.5,23.75,2.288,88.75,,,,,,,,,28.333,80.0,2020
Rugando,MITOOMA,RWAMUJURA,1449.556,49.333,48.889,0.689,75.0,,,,,,,2.75,27.5,31.429,2.4,2020
Rugando,MITOOMA,RWANJA EAST,1483.3,48.9,50.0,0.952,57.714,,,,15.0,,,3.36,,73.333,76.2,2020
Rugarama,MITOOMA,KASHONGORERO,1073.0,46.417,60.0,0.708,54.273,27.0,1.0,,,,,4.5,55.0,58.182,25.333,2020
Rugarama,MITOOMA,RUREHE SOUTH,1450.5,50.667,58.333,1.079,47.25,,3.0,,15.0,,,12.25,58.0,203.4,37.5,2020
Rugorogoro,MITOOMA,RWANJA WEST,1273.231,54.583,42.083,1.906,63.0,,5.0,,35.0,,,9.6,,93.167,271.111,2020
Rukiri,KAGADI,KATIKENGEYE,1207.667,44.0,43.583,0.618,278.75,,,,638.571,,,,,267.5,75.0,2020
Rukukuru,KYENJOJO,RUKUKURU,1245.917,36.833,72.5,1.129,96.182,,8.5,,237.545,,,12.333,,45.833,36.667,2020
Runyinya B,MITOOMA,MAYANGA,1556.917,55.167,75.667,1.523,95.0,,,,,,,,,35.0,,2020
Runyiya A,MITOOMA,MAYANGA,645.583,49.5,43.75,1.681,145.0,,2.7,,120.0,,,4.938,,157.667,208.75,2020
Rurama,MITOOMA,KASHASHA,1174.167,40.583,41.333,2.771,43.5,,,,,,,,,79.167,228.857,2020
Rusenyi,KAGADI,KATELEMWA,1272.583,46.167,96.667,0.94,210.0,,2.5,170.0,328.75,,,,,25.0,0.0,2020
Rusheregyeyi A,MITOOMA,MAYANGA,1535.667,52.667,95.0,1.325,119.6,,2.0,,,,,7.0,300.0,167.833,412.25,2020
Rusheregyeyi B,MITOOMA,MAYANGA,1547.583,44.833,73.75,1.792,129.286,,3.0,,,,,2.0,300.0,154.25,315.0,2020
Rushoroza,MITOOMA,RWOBURUNGA,1171.417,51.333,34.442,1.243,69.0,,,,,,,,,,1866.667,2020
Rute-Buranda,KANUNGU,KAYO-RUTENDERE,1276.0,44.538,46.923,1.75,66.375,,,,50.0,,,2.5,,57.667,122.6,2020
Rute-Kangyeyo,KANUNGU,KAYO-RUTENDERE,1341.583,49.917,44.167,2.958,17.0,,62.667,70.0,,,,,14.5,10.0,,2020
Rute-Kataburaza,KANUNGU,KAYO-RUTENDERE,1348.75,47.75,20.25,2.1,70.889,,6.2,,158.571,90.0,,5.333,80.0,29.571,107.2,2020
Rute-Kyandago,KANUNGU,KAYO-RUTENDERE,1387.333,47.167,29.667,1.112,25.0,,6.0,,,60.0,,12.0,90.0,28.5,,2020
Rute-Rutendere,KANUNGU,KAYO-RUTENDERE,1315.154,53.154,56.154,0.568,,,,,,,,,110.0,15.0,50.0,2020
Rute-Rwabutera,KANUNGU,KAYO-RUTENDERE,1301.333,48.167,41.25,1.724,40.375,,24.0,,55.0,421.0,,10.0,70.0,0.0,0.0,2020
Rutoobo,MITOOMA,KIYANGA,1141.833,45.333,62.833,1.065,88.333,,,,,,,,,,54.333,2020
Rutooma,MITOOMA,RWAMUJURA,1183.154,49.667,26.667,1.465,120.4,,4.0,,37.0,,,13.2,95.0,197.0,171.25,2020
Rutooma A,MITOOMA,RUTOOMA,1360.5,50.833,42.5,1.478,47.571,,2.333,,,,,2.167,,,0.0,2020
Rutooma B,MITOOMA,RUTOOMA,1581.917,56.833,28.5,1.825,137.667,,,,,,,,,84.091,67.429,2020
Rutooma C,MITOOMA,RUTOOMA,1430.5,49.333,35.417,1.104,54.444,,,,,,,1.75,,38.75,40.4,2020
Rutu-Buhamba,KANUNGU,KIRI-RUTUGUNDA,1438.333,55.167,28.333,1.651,118.75,,,,195.375,,,,,172.5,140.0,2020
Rutu-Kanyankyende,KANUNGU,KIRI-RUTUGUNDA,1464.417,40.5,40.417,0.56,53.667,,0.0,,37.5,,,,,3.6,0.0,2020
Rutu-Katungu,KANUNGU,KIRI-RUTUGUNDA,1508.5,47.083,44.583,1.296,83.5,,,,100.0,,,3.0,,99.545,72.857,2020
Rutu-Kitongo,KANUNGU,KIRI-RUTUGUNDA,1462.167,55.333,63.75,1.854,224.286,,,,249.0,15.0,,10.375,,272.6,122.0,2020
Rutu-Kyeijanga,KANUNGU,KIRI-RUTUGUNDA,1502.75,45.5,33.5,1.338,80.0,,,,50.0,,,,,77.333,167.667,2020
Rutu-Mabaare,KANUNGU,KIRI-RUTUGUNDA,1442.917,50.75,26.667,1.457,119.111,,6.375,,128.571,360.0,,4.625,,207.091,110.625,2020
Rutu-Nkamba,KANUNGU,KIRI-RUTUGUNDA,1429.5,49.3,36.2,1.485,71.9,,4.75,,41.0,,,4.667,,144.4,154.0,2020
Rutu-Rutooma,KANUNGU,KIRI-RUTUGUNDA,1469.385,45.385,51.154,0.962,119.0,,5.0,,,,,6.0,,153.75,45.0,2020
Rutu-Rutooro,KANUNGU,KIRI-RUTUGUNDA,1486.083,47.833,35.667,0.98,48.167,,2.0,,60.0,,,4.0,,179.333,74.4,2020
Ruzonga,MITOOMA,RWOBURUNGA,1127.5,46.5,50.167,0.815,85.0,,,,,,,,,20.0,70.0,2020
Rwakituurwa,MITOOMA,RWANJA WEST,0.0,48.5,37.5,2.273,112.9,,10.667,,62.2,,,10.1,,210.5,141.111,2020
Rwakutaka,MITOOMA,RWANJA EAST,1580.182,43.9,34.0,1.4,86.25,,5.0,,15.333,,,7.975,,101.0,165.0,2020
Rwamujura,MITOOMA,RWAMUJURA,792.667,50.167,59.583,1.231,87.9,,4.5,,18.0,,,6.778,60.0,153.75,317.5,2020
Rwamuniori A,MITOOMA,KATI,599.833,51.083,41.667,2.06,94.3,,3.25,,81.0,,,5.9,23.0,168.917,222.143,2020
Rwamuniori B,MITOOMA,KATI,1544.5,45.917,27.333,1.015,44.0,,0.0,,,,,1.6,45.0,10.0,,2020
Rwamureera,MITOOMA,IRARAMIRA,1270.167,59.0,37.667,1.542,84.75,,,,,,,,,48.25,67.571,2020
Rwamusharira,MITOOMA,RWANJA WEST,582.5,49.833,39.833,0.902,97.25,,,,,,,,,164.0,,2020
Rwan-Bubare,Rukungiri,NYAK-RWANYUNDO,988.2,37.7,55.0,0.774,36.75,,16.0,,,,,2.0,,20.0,130.0,2020
Rwan-Bugamba,Rukungiri,NYAK-RWANYUNDO,290.167,46.667,30.0,1.075,118.75,,,,80.0,,,8.0,,92.6,180.0,2020
Rwan-Bugoro,Rukungiri,NYAK-RWANYUNDO,911.75,47.667,31.167,1.087,65.0,,,,21.667,,,,,20.0,0.0,2020
Rwan-Kagaga,Rukungiri,NYAK-RWANYUNDO,1161.5,49.222,30.0,1.238,133.75,,,180.0,,,,9.5,,151.875,250.0,2020
Rwan-Karubanda,Rukungiri,NYAK-RWANYUNDO,1737.667,48.167,45.0,0.902,35.167,,,,42.0,,,,,,,2020
Rwan-Kyondo,Rukungiri,NYAK-RWANYUNDO,0.0,52.917,44.167,1.235,123.083,,5.0,,70.667,,,8.444,,190.833,86.0,2020
Rwan-Murambi,Rukungiri,NYAK-RWANYUNDO,691.833,52.75,36.667,0.833,68.333,,,,,,,1.875,,69.091,92.0,2020
Rwan-Nyakatookye,Rukungiri,NYAK-RWANYUNDO,1804.667,50.667,71.917,1.531,76.875,,,,30.0,,,3.0,,205.125,85.0,2020
Rwan-Nyamabare,Rukungiri,NYAK-RWANYUNDO,1788.833,48.417,31.667,1.167,178.571,,,,200.0,,,,,38.0,,2020
Rwan-Omukajagiro,Rukungiri,NYAK-RWANYUNDO,1764.917,46.167,37.917,0.791,131.2,,,,75.0,,15.0,,,73.667,80.0,2020
Rwan-Rugasha,Rukungiri,NYAK-RWANYUNDO,1713.25,42.417,45.0,0.684,38.667,,,,,,,0.625,,42.5,0.0,2020
Rwan-Rutooma,Rukungiri,NYAK-RWANYUNDO,1370.417,65.083,65.0,1.812,36.0,,,,,75.0,,,,,,2020
Rwan-Rwonyo,Rukungiri,NYAK-RWANYUNDO,1693.667,45.75,25.583,1.25,172.5,,,,,175.0,,,,43.636,,2020
Rwan-Shogashoga,Rukungiri,NYAK-RWANYUNDO,141.083,49.25,26.417,1.146,63.8,,,,,,,3.5,,80.0,25.0,2020
Rwanja,MITOOMA,RWANJA WEST,1630.167,49.167,39.167,0.813,42.5,,,,,,,2.0,,25.0,,2020
Rwanyabuzana,MITOOMA,RUREHE SOUTH,1521.0,52.0,19.5,1.662,,,,,,,,,,200.0,4.0,2020
Rwebitunda A,MITOOMA,RUCENCE,1521.0,48.667,32.583,0.629,55.0,,,,,,,3.5,,76.25,300.0,2020
Rwebitunda B,MITOOMA,RUCENCE,738.667,44.5,48.333,1.125,77.833,,2.25,,72.5,,,11.667,,16.667,26.6,2020
Rwebitunda C,MITOOMA,RUCENCE,727.083,47.167,21.833,1.128,51.25,,1.233,,,,,,,0.0,0.0,2020
Rweibare A,MITOOMA,RUCENCE,1509.667,39.167,31.0,1.25,110.0,35.0,,,,,,,,98.182,39.667,2020
Rweibare B,MITOOMA,RUCENCE,831.583,42.667,57.5,1.921,85.7,2.5,3.1,,70.0,,,5.15,,90.583,305.455,2020
Rwekomire,KYENJOJO,RUKUKURU,1255.583,47.333,59.583,2.392,884.0,25.333,,,2436.333,,,,,13.75,,2020
Rwemanzi,KYENJOJO,KYAMUGARRA,1281.0,46.25,51.667,1.729,276.0,11.4,3.5,,549.75,,,5.0,,44.0,188.333,2020
Rwemirama,MITOOMA,RWANJA EAST,0.0,38.667,55.833,0.575,106.25,,,,,80.0,,,,255.2,,2020
Rwempungu A,MITOOMA,RUCENCE,1491.0,50.5,36.25,1.225,60.0,,,,,,,4.0,,47.556,408.75,2020
Rwempungu B,MITOOMA,RUCENCE,734.333,42.25,33.75,0.917,67.727,,1.25,,,55.0,,3.333,110.0,27.0,14.8,2020
Rwengyerero A,MITOOMA,RYENGYERERO,1376.0,54.75,29.583,2.135,103.75,,,,55.0,130.0,,17.8,,154.833,328.571,2020
Rwengyerero B,MITOOMA,RYENGYERERO,1619.583,50.917,27.25,0.896,69.4,,,,,78.0,,,,42.917,50.333,2020
Rwengyerero C,MITOOMA,RYENGYERERO,0.0,44.0,57.5,2.396,111.833,,,,,,,4.0,,112.8,155.0,2020
Rwenkuba,MITOOMA,RUREHE SOUTH,794.5,49.5,44.583,1.608,100.375,,5.3,,45.444,,,9.364,,262.727,146.0,2020
Rwenkuriju A,MITOOMA,KASHONGORERO,1438.083,48.833,52.917,0.812,117.5,,,,36.0,,,,,,23.5,2020
Rwenkuriju B,MITOOMA,KASHONGORERO,655.5,40.917,80.833,1.629,152.917,2.25,3.917,,73.75,,,4.909,42.5,130.375,319.5,2020
Rwenshama A,MITOOMA,BWERA,1478.917,47.667,50.417,0.872,59.8,,,,,,,4.0,,52.1,15.0,2020
Rwenshama B,MITOOMA,BWERA,1473.333,48.667,58.333,1.983,120.0,,2.0,,,,,3.0,,129.167,156.667,2020
Rwentojo A,MITOOMA,KATI,1477.0,52.75,23.333,1.776,143.0,,,,23.0,,,11.667,200.0,99.5,166.25,2020
Rwentojo B,MITOOMA,KATI,1465.75,49.0,40.833,1.992,87.5,,3.5,,,,,2.5,,150.417,150.0,2020
Rwentojo C,MITOOMA,KATI,1480.583,48.833,19.5,1.592,60.571,,,,,,,4.0,,156.7,58.0,2020
Rwoburunga,MITOOMA,KAGATI,1204.667,44.583,40.0,1.688,82.5,,,,,,,,,60.0,26.4,2020
Rwongora,MITOOMA,RWANJA EAST,1597.667,51.083,82.083,1.433,162.5,,2.0,,,300.0,,2.125,220.0,120.833,350.0,2020
Sayuni,KYENJOJO,MUBEMBE,1203.083,46.167,38.333,2.528,237.5,8.0,,,860.857,,,,,128.0,196.0,2020
Sherere,MITOOMA,KAGATI,605.833,42.083,37.083,1.963,34.667,,0.9,,,,,1.25,,0.0,0.0,2020
Bugarura,Kanungu,,1471.417,47.167,46.083,1.3,280.714,,11.0,,1300.0,,,3.0,,48.5,45.0,2021
Buhumuriro,Rukungiri,,0.0,50.75,48.75,1.15,145.0,,,250.0,30.0,,,7.0,,148.667,,2021
Bujerengye,Kanungu,,1461.0,49.625,33.875,1.209,80.0,,,,23.0,,,,,33.6,47.2,2021
Bukiriro_1,Mitooma,,1130.333,42.917,37.5,1.583,132.5,,3.0,,,,,5.5,68.0,37.364,27.0,2021
Bukiriro_2,Mitooma,,1140.25,47.167,29.583,0.985,56.333,20.0,,,,,,4.0,,37.5,106.889,2021
Burambo,Rubanda,,2020.109,50.091,71.909,0.76,139.333,5.0,,,,,,5.2,,5.0,,2021
Buranda,Kanungu,,1276.0,44.538,46.923,1.75,415.625,,10.5,,1300.0,60.0,,7.5,,87.5,97.5,2021
Burera,Rukungiri,,822.333,44.833,32.083,1.171,98.75,,,,32.0,,,8.95,,149.0,100.0,2021
Bushure,Rubanda,,1998.0,54.333,71.667,0.583,109.333,7.25,,152.5,,,,27.714,,,,2021
Butoboore,Rubanda,,2069.973,36.909,71.364,1.577,184.1,,,140.0,,,,6.833,,7.0,,2021
Butusi,Rubanda,,1540.767,59.667,59.444,1.706,102.0,11.0,,,,,,3.75,,40.0,,2021
Byumba,Kanungu,,1478.5,47.0,35.0,1.183,488.0,,10.0,,1300.0,60.0,,7.5,,104.0,37.5,2021
Ibarya,Kanungu,,1325.583,48.167,52.5,0.892,333.75,,11.0,,1300.0,,,10.0,,41.0,51.833,2021
Iterero,Rukungiri,,1286.7,47.25,26.667,0.875,142.143,4.5,,,200.0,,,4.333,130.0,45.556,25.0,2021
Kababagi,Rukungiri,,883.608,49.0,35.0,0.646,123.5,,,,90.0,,,,,61.364,50.0,2021
Kabaranga,Rukungiri,,0.0,47.909,91.091,1.05,110.182,,4.25,,78.571,,,6.85,,160.0,231.667,2021
Kabingo,Rukungiri,,1245.973,51.455,53.636,0.659,141.444,,2.5,,106.0,,,18.167,,75.0,80.0,2021
Kabirizi,Kanungu,,1475.0,54.917,80.0,1.681,345.0,,2.0,,1300.0,,,3.0,,73.667,150.0,2021
Kacence,Rukungiri,,878.312,50.875,44.167,1.302,145.15,6.0,7.5,70.0,58.2,,135.0,10.333,,140.522,178.7,2021
Kacerere,Kanungu,,1502.0,50.083,56.667,1.175,426.222,,,,1300.0,,,17.0,,44.333,15.0,2021
Kafunjo,Mitooma,,0.0,40.7,48.5,1.406,66.4,20.75,,,,,,3.0,,30.0,113.333,2021
Kagaana,Rubanda,,1986.85,39.083,58.75,1.39,152.25,4.0,,150.0,,,,3.667,,4.0,,2021
Kagati_Kiyanga,Mitooma,,0.0,37.417,53.75,1.646,88.5,,,120.0,,70.0,,,,22.5,72.0,2021
Kagorogoro,Rukungiri,,0.0,35.1,20.7,1.403,101.25,,,90.0,,,,,,93.625,35.0,2021
Kagyeyo,Rukungiri,,0.0,48.833,38.333,1.037,120.0,,2.5,,40.0,,,13.0,,129.0,25.0,2021
Kahama,Rukungiri,,1865.51,42.7,16.9,1.61,136.2,,,,,,,,,61.5,2.0,2021
Kahara,Rukungiri,,1879.136,56.0,47.091,2.13,127.0,,,,,,,2.0,,69.889,160.0,2021
Kairabwa,Mitooma,,590.917,46.917,47.083,0.975,72.143,,2.0,,,,,2.333,,36.333,9.8,2021
Kakarisa,Rubanda,,1905.55,53.833,88.333,1.346,153.111,9.2,,,,,,7.857,,23.333,,2021
Kakimba,Mitooma,,1157.909,51.091,34.091,1.074,51.333,,,,,,,7.0,,53.333,162.444,2021
Kakyeza,Mitooma,,1438.364,50.909,53.636,0.568,56.857,20.0,2.0,,75.0,64.0,,3.375,17.0,29.5,9.0,2021
Kamabare,Mitooma,,562.083,34.917,77.5,0.502,76.25,,,,,50.0,,3.25,,37.143,81.111,2021
Kamuhozi,Rukungiri,,1138.99,54.7,42.5,1.54,111.667,,0.5,150.0,135.0,,,10.0,,103.6,60.0,2021
Kanganga,Mitooma,,922.0,66.333,36.111,2.231,85.75,,2.5,,,,,6.833,,58.333,47.0,2021
Kangyeyo,Kanungu,,1341.583,49.917,44.167,2.958,375.0,,,,1300.0,,,,,66.0,87.5,2021
Kanoni,Kanungu,,1354.417,48.25,77.5,5.498,446.5,,11.0,,1300.0,,,,,20.0,12.5,2021
Kanyabutaye,Rukungiri,,842.775,42.583,57.5,1.315,171.286,,,,76.667,,,19.333,,40.0,5.0,2021
Kanyankwanzi,Rubanda,,2050.4,40.833,92.083,1.219,188.6,9.1,,175.0,,,,7.375,,21.0,,2021
Karokarungi,Mitooma,,570.167,42.0,43.333,1.602,80.0,,0.0,,,,,,40.0,0.0,,2021
Karondo,Rubanda,,2004.936,40.636,52.818,0.709,98.0,,,,,,,5.0,,23.333,,2021
Karukare,Mitooma,,916.273,47.455,45.455,1.295,150.0,,,,,,,3.0,,74.444,155.0,2021
Karukonjo,Rukungiri,,1526.517,51.417,48.333,1.346,135.0,,3.75,,60.0,,,15.0,,114.714,30.0,2021
Kashambya,Mitooma,,1147.333,51.083,75.833,1.367,102.143,,20.0,,,,,2.0,,70.0,236.667,2021
Kashambya_Mugyera,Rubanda,,2032.95,48.875,50.0,2.55,196.667,13.0,,,,,,7.4,,10.0,,2021
Kashasha_Ikumba,Rubanda,,1977.65,47.3,61.5,1.04,107.444,12.667,,,,,,5.188,,26.667,,2021
Kataburaza,Kanungu,,1343.727,49.636,16.636,1.946,190.2,,11.0,,1300.0,,,19.333,,14.667,28.333,2021
Katembe,Kanungu,,1324.25,56.75,20.917,1.145,289.714,,,,1300.0,130.0,,8.25,,96.25,70.833,2021
Katojo,Rubanda,,1798.918,43.909,42.273,0.318,152.0,84.0,,,,,,10.0,,12.5,,2021
Katungu,Rukungiri,,1844.74,55.4,109.5,1.76,75.0,,,,,,,3.0,,156.1,101.667,2021
Kazahi,Kanungu,,1553.909,47.636,39.545,1.616,327.5,,8.0,,1300.0,,,3.0,,117.5,129.0,2021
Kazindiro_Nangara,Rubanda,,1940.025,52.667,43.167,1.396,122.667,5.75,,,,,,8.5,,10.0,,2021
Kengyeya,Mitooma,,0.0,51.333,43.333,1.585,220.0,,4.0,,,,,6.0,,0.0,,2021
Kibeho,Rukungiri,,1807.683,51.917,32.5,1.175,140.0,,,,,,,,,56.6,100.0,2021
Kibishamwika,Mitooma,,1251.091,49.273,75.455,1.573,112.571,,2.0,,,,,3.0,,125.0,166.667,2021
Kigarama,Rukungiri,,1597.217,47.75,64.167,1.062,97.875,,,,,,,3.0,,84.222,67.5,2021
Kigongi,Rubanda,,1910.62,51.5,72.0,1.388,114.0,6.0,,,,,,3.8,,13.0,,2021
Kigoyi,Rukungiri,,1536.845,54.0,33.636,0.75,98.571,,5.5,,52.5,,,4.375,,80.0,82.0,2021
Kihengamo_Nyamweru,Rubanda,,1937.864,55.182,48.818,0.995,154.9,8.0,,110.0,,,,8.375,,20.0,,2021
Kihorongwa,Rubanda,,2007.9,48.417,78.083,0.196,141.75,6.0,,130.0,,,,45.611,,40.0,,2021
Kihumuro,Kanungu,,1413.727,43.0,22.727,1.091,216.625,,11.0,28.0,1300.0,75.0,,,,64.667,86.25,2021
Kiniogo,Rukungiri,,0.0,55.083,14.583,0.825,75.4,,,,60.0,,,9.0,,81.429,75.0,2021
Kinisya,Rukungiri,,1754.867,39.417,15.417,0.469,95.286,,,90.0,360.0,,,10.5,,22.75,200.0,2021
Kirama,Mitooma,,613.455,48.182,40.909,1.326,133.4,,,,35.0,110.0,,4.0,,25.0,120.0,2021
Kishanda,Kanungu,,1361.786,47.571,44.643,1.836,424.222,,,,1300.0,,,10.0,,90.0,66.0,2021
Kishegyere,Kanungu,,1482.0,44.917,48.333,1.867,452.0,,11.0,,998.75,,,3.0,,64.0,17.5,2021
Kisiizi_1,Mitooma,,574.167,41.667,56.667,0.948,45.0,,2.125,,,85.0,,4.8,,8.333,164.6,2021
Kisiizi_2,Mitooma,,777.0,45.333,47.917,0.542,119.167,,4.0,,,,,3.0,55.0,50.0,110.4,2021
Kitabugika_Mugyera,Rubanda,,2394.325,50.083,280.833,0.948,180.375,8.0,,,,,,35.214,,10.0,,2021
Kitahurira,Rubanda,,2121.16,56.6,48.5,0.741,135.375,8.0,,,,,,4.8,,,,2021
Kitebwe,Rukungiri,,0.0,50.8,50.8,0.6,88.667,,,,20.0,,,,,69.5,75.0,2021
Kitugunda,Rukungiri,,0.0,53.167,42.5,1.7,106.25,,1.917,30.0,31.5,130.0,,14.591,,147.917,87.5,2021
Kyabukama,Mitooma,,1597.917,51.25,49.167,0.871,104.444,,3.375,,,59.0,,4.333,65.0,22.0,,2021
Kyandago,Kanungu,,1387.182,48.818,31.455,1.095,218.333,,,,1300.0,,,3.0,,62.8,45.0,2021
Kyemengo,Mitooma,,1151.2,40.4,56.0,0.77,117.5,,,,,,,,,,,2021
Kyeshabo,Mitooma,,0.0,38.5,68.333,1.008,59.167,,,,,67.5,,3.0,,38.0,122.5,2021
Mabindi,Rukungiri,,2002.767,44.083,46.667,1.28,94.111,,,46.5,,,,2.0,,129.0,5.5,2021
Mayanja,Kanungu,,1398.0,50.333,42.583,1.946,295.556,,11.0,,1300.0,,,,,28.4,33.333,2021
Mirindi,Rubanda,,1905.708,45.833,50.833,1.096,135.7,77.625,,150.0,,,,3.417,,26.0,,2021
Mugina,Rukungiri,,1718.85,51.667,22.917,1.396,213.75,,,20.0,,,,,,64.545,3.0,2021
Murandi,Rubanda,,1989.69,45.9,42.5,0.98,90.714,,,110.0,,,,6.9,,12.5,,2021
Murubangye,Rubanda,,2147.75,54.1,58.5,1.02,145.1,9.0,,130.0,,,,58.929,,15.0,,2021
Murubaya,Rubanda,,2037.627,43.545,53.636,2.099,214.286,,,110.0,,,,24.9,,28.333,,2021
Muruhinga,Rubanda,,1965.878,50.111,25.222,0.536,135.286,20.0,,,,,,68.667,,0.0,,2021
Mushebeya,Rubanda,,2035.808,50.083,73.75,0.258,112.25,,,500.0,,,,48.917,,5.0,,2021
Mushongati_Nangara,Rubanda,,2052.033,48.583,50.417,1.02,145.2,10.0,,650.0,,,,6.833,,,,2021
Mushorero,Kanungu,,1661.545,41.545,91.818,1.514,446.667,,,,1300.0,,,3.0,,72.0,51.25,2021
Musirwe,Rubanda,,2077.109,47.636,58.636,0.997,171.625,13.0,,,,,,6.0,,30.0,0.0,2021
Muzinga,Mitooma,,1151.875,48.5,83.125,1.75,46.75,,2.667,,,,,2.75,,68.75,90.0,2021
Nangara,Rukungiri,,1864.767,53.583,86.5,1.056,151.375,,0.0,,70.0,,,7.0,68.0,78.333,70.0,2021
Ndaragi,Rukungiri,,865.892,45.333,45.833,1.042,81.333,,,80.0,50.0,,,1.167,,75.0,201.75,2021
Ndeego,Rubanda,,1977.992,40.923,18.462,1.438,106.0,5.5,,,,,,5.714,,0.0,,2021
Ndurumo_Rwoburunga,Mitooma,,1165.389,42.722,46.389,0.972,76.636,,0.5,,,120.0,,3.0,,62.1,42.0,2021
Numba,Rukungiri,,970.436,55.545,35.0,0.75,73.778,,,,55.0,,,1.375,,69.545,0.0,2021
Nyabisoni,Rukungiri,,1291.335,48.55,66.5,0.895,164.714,,,,215.0,,,1.833,,119.167,97.188,2021
Nyabiterekyere,Rukungiri,,0.0,47.364,55.909,1.034,110.0,,3.5,75.0,39.8,,,8.85,,102.0,67.944,2021
Nyabubaare,Mitooma,,459.167,34.583,78.333,0.621,61.1,,,100.0,,,,,20.0,187.5,48.333,2021
Nyabubare,Rukungiri,,554.425,54.0,47.083,1.02,87.833,,0.0,,210.0,,,4.25,,53.333,,2021
Nyabyogo,Rukungiri,,1640.32,51.6,33.6,0.882,66.143,,,,,,,4.0,,83.333,,2021
Nyabyondo_Rwoburunga,Mitooma,,1326.75,45.5,20.833,1.379,84.5,,,,13.0,,,8.0,15.0,53.333,65.0,2021
Nyakabale,Rukungiri,,1786.477,52.615,81.923,1.302,79.667,13.0,,,,,,6.25,,134.0,79.0,2021
Nyakagezi,Kanungu,,1368.333,58.0,40.417,1.021,240.833,,,,1300.0,,,2.5,,46.667,81.667,2021
Nyakagongo,Mitooma,,639.833,46.25,53.333,1.183,93.091,20.75,4.75,,,,,4.864,65.0,48.5,158.182,2021
Nyakarambi,Kanungu,,1340.375,55.25,36.875,1.3,315.0,,11.0,,1300.0,,,,,29.0,60.0,2021
Nyakashebeya,Mitooma,,1078.667,44.333,22.417,2.31,77.0,,,,,,,3.0,40.0,,150.0,2021
Nyakatoma,Kanungu,,1410.667,39.333,54.583,0.844,415.0,,,120.0,1300.0,,,,,65.2,80.0,2021
Nyakibuga,Kanungu,,1438.875,54.0,27.5,1.367,337.5,,11.0,,1300.0,,,,,34.0,20.0,2021
Nyakisoroza,Rukungiri,,1458.958,43.667,25.833,0.854,129.75,,,,7.0,,,2.0,65.0,49.0,44.0,2021
Nyamabare,Rukungiri,,1047.689,48.444,69.444,2.572,139.833,,,,91.0,,,11.0,,145.5,220.0,2021
Nyamicucu_Mugyera,Rubanda,,2333.05,59.667,165.0,0.849,162.5,6.8,,,,,,36.286,,7.0,,2021
Nyamirama,Rukungiri,,1580.755,52.364,21.818,1.023,79.714,,,,77.5,,,50.0,,73.0,76.375,2021
Nyamishamba,Kanungu,,1528.333,41.0,38.889,0.892,428.5,,,28.0,1044.6,,,3.0,,63.333,67.0,2021
Nyamisheshe,Mitooma,,642.9,44.5,43.0,0.84,134.375,,3.0,,30.0,,,6.75,,49.0,18.8,2021
Nyamizi,Kanungu,,1388.455,44.0,22.0,2.161,274.375,,11.0,,1300.0,,,,40.0,24.0,5.0,2021
Nyanga,Mitooma,,581.25,50.167,39.167,0.633,110.5,,3.0,,,,,10.0,95.0,19.875,1.714,2021
Nyarubare,Rukungiri,,0.0,45.083,38.167,1.427,150.5,60.0,5.0,,89.333,,,7.375,,174.091,186.0,2021
Nyaruhanga,Rukungiri,,1869.125,65.083,32.333,1.583,149.5,,,,100.0,,,2.0,,79.25,106.0,2021
Nyaruharo,Kanungu,,1375.75,42.417,66.667,1.417,325.0,,10.0,,1300.0,60.0,,7.5,,38.333,13.0,2021
Nyarurambi,Rukungiri,,1775.45,48.75,29.167,0.688,146.667,,,,,,,,,41.875,50.0,2021
Nyaruzinga,Mitooma,,1684.1,54.0,39.0,1.975,80.833,,,,,,,,55.0,41.7,60.0,2021
Nyarwanya_Rwanja,Mitooma,,1629.917,48.833,32.333,1.686,152.222,,,,,,,3.0,,50.667,45.5,2021
Omukatooma,Rukungiri,,1507.567,50.833,36.083,0.925,210.889,,,176.667,400.0,,,7.0,,38.0,100.0,2021
Omurutezo,Rukungiri,,1845.358,47.167,62.5,1.832,159.222,,3.0,,97.25,,,9.5,,91.25,100.0,2021
Omurwambu,Kanungu,,1378.0,51.6,16.0,0.781,431.667,,10.5,,1300.0,60.0,,7.5,,67.5,10.0,2021
Orujeebe,Mitooma,,818.667,50.167,45.0,0.845,80.0,,,,,,,,,0.0,0.0,2021
Rubaya,Mitooma,,606.273,37.273,39.091,0.886,68.75,,3.5,,,,,3.0,82.5,0.0,4.8,2021
Rugando_Rwanja,Mitooma,,1483.3,48.9,50.0,0.952,96.0,,,,,,,2.7,,31.667,153.333,2021
Rugasha,Rukungiri,,0.0,53.75,45.833,0.521,86.25,4.0,,,110.0,,,,130.0,52.0,33.833,2021
Rugoma,Rukungiri,,1839.283,47.667,24.333,0.562,113.25,,,,82.5,,,7.5,,76.667,1.0,2021
Ruhita,Rukungiri,,1633.257,36.286,89.286,1.157,79.0,,,,,,,2.0,,97.5,217.5,2021
Runyinya,Rukungiri,,1632.792,46.167,23.583,1.433,130.778,13.0,,,125.0,,,,,92.636,,2021
Rurama,Kanungu,,1525.667,43.167,47.917,0.687,287.0,,10.0,,874.333,60.0,,7.5,,50.0,51.5,2021
Rurindo,Rukungiri,,134.55,47.917,52.083,0.57,212.25,6.0,10.0,,90.0,,135.0,10.5,,,,2021
Rushaki,Rubanda,,1947.091,47.727,42.273,1.39,222.875,5.0,,,,,,8.333,,,,2021
Rushebeya,Rukungiri,,0.0,51.917,40.833,1.058,94.818,,2.25,,56.25,,,8.0,,124.667,89.4,2021
Rushoroza,Mitooma,,1165.273,47.818,32.3,1.131,81.333,,,,,120.0,,5.0,105.0,,1800.0,2021
Rutendere,Kanungu,,1315.154,53.154,56.154,0.568,460.0,,11.0,,1012.5,,,,,120.0,140.0,2021
Rutonde,Kanungu,,1462.417,46.5,34.833,1.104,315.0,,11.0,,874.333,,,,,47.2,135.333,2021
Rutoobo,Mitooma,,1141.0,45.182,64.909,1.094,84.0,,,,,,,3.0,,,75.0,2021
Rutooma,Rukungiri,,921.483,52.75,59.167,0.729,90.429,,,22.0,60.0,,,13.0,,91.25,1.875,2021
Ruzonga,Mitooma,,1127.5,46.5,50.167,1.475,74.0,,5.0,,,,,,,25.0,70.0,2021
Rwabutera,Kanungu,,1299.636,48.182,42.727,1.605,400.714,,10.0,,1300.0,,,,11.0,26.667,5.0,2021
Rwakutaka,Mitooma,,1581.4,43.9,34.0,1.54,90.0,,3.5,,,150.0,,6.45,,75.556,172.0,2021
Rwanama,Rukungiri,,1088.28,44.8,43.5,0.579,85876.0,,5.0,,,,,8.0,,110.0,70.0,2021
Rwangeru,Rukungiri,,455.608,41.583,40.0,0.944,103.375,,3.0,,90.0,,,9.5,,42.5,0.0,2021
Rwaseyeza,Rubanda,,2156.67,52.8,128.5,1.133,145.833,7.0,,,,,,8.714,,,,2021
Rwemirama,Mitooma,,0.0,38.545,55.455,0.584,97.4,,,,,80.0,,,,49.429,120.0,2021
Rwendahi,Kanungu,,1193.333,47.917,19.833,0.866,317.5,,11.0,,661.5,,,3.0,,52.0,107.833,2021
Rwenkyende,Kanungu,,1399.182,47.182,24.364,1.194,493.0,,,,1300.0,130.0,,,,37.5,5.0,2021
Rwere,Rukungiri,,1650.945,49.818,42.727,0.841,169.167,,,,125.0,,,,,43.273,,2021
Rwoburunga,Mitooma,,1204.667,44.583,40.0,1.688,65.0,,5.0,,,,,3.333,105.0,33.0,42.0,2021
Rwongora,Mitooma,,1597.889,51.222,79.444,1.044,121.429,20.0,2.0,,,,,5.0,62.0,77.143,43.333,2021
Rwonyo,Rukungiri,,1659.208,46.667,25.0,1.188,81.25,,,,,,,,,37.5,,2021
